Schistosoma_mansoni_SM_V10_Z_000009.1.pdb,76,80,20,386,99,33,65
Schistosoma_mansoni_SM_V10_3_001061.1.pdb,44,40,9,82,62,29,0
Schistosoma_mansoni_SM_V10_6_000318.1.pdb,37,36,5,24,50,21,0
Schistosoma_mansoni_SM_V10_5_000273.1.pdb,54,53,17,299,86,20,23
Schistosoma_mansoni_SM_V10_Z_000521.1.pdb,46,46,5,22,53,32,0
Schistosoma_mansoni_SM_V10_2_000306.1.pdb,77,73,16,241,98,51,57
Schistosoma_mansoni_SM_V10_Z_002018.1.pdb,47,49,10,93,69,23,0
Schistosoma_mansoni_SM_V10_3_001120.1.pdb,33,33,5,21,46,22,0
Schistosoma_mansoni_SM_V10_3_001255.1.pdb,59,63,14,207,86,20,25
Schistosoma_mansoni_SM_V10_4_000469.1.pdb,93,96,8,70,98,48,97
Schistosoma_mansoni_SM_V10_7_000197.1.pdb,56,60,14,192,78,33,16
Schistosoma_mansoni_SM_V10_3_000027.1.pdb,48,49,18,322,83,8,12
Schistosoma_mansoni_SM_V10_Z_000024.1.pdb,82,87,14,205,99,36,80
Schistosoma_mansoni_SM_V10_Z_001822.1.pdb,45,46,3,10,50,39,0
Schistosoma_mansoni_SM_V10_Z_001375.1.pdb,47,46,4,15,56,38,0
Schistosoma_mansoni_SM_V10_Z_001501.1.pdb,40,33,18,313,92,16,10
Schistosoma_mansoni_SM_V10_4_000773.1.pdb,57,62,14,196,81,32,19
Schistosoma_mansoni_SM_V10_4_000586.1.pdb,43,42,6,37,65,34,0
Schistosoma_mansoni_SM_V10_7_000111.1.pdb,73,77,15,233,95,45,60
Schistosoma_mansoni_SM_V10_5_000114.1.pdb,30,30,4,16,46,18,0
Schistosoma_mansoni_SM_V10_Z_001802.1.pdb,51,48,14,195,76,18,10
Schistosoma_mansoni_SM_V10_1_000685.1.pdb,53,53,7,55,69,42,0
Schistosoma_mansoni_SM_V10_6_000110.1.pdb,68,73,13,163,85,44,56
Schistosoma_mansoni_SM_V10_4_000001.1.pdb,76,80,15,223,97,38,68
Schistosoma_mansoni_SM_V10_4_001133.1.pdb,48,45,18,321,96,19,11
Schistosoma_mansoni_SM_V10_2_000590.1.pdb,65,72,15,232,82,32,55
Schistosoma_mansoni_SM_V10_4_001003.1.pdb,32,31,6,42,51,17,0
Schistosoma_mansoni_SM_V10_1_001759.1.pdb,43,35,20,400,91,7,15
Schistosoma_mansoni_SM_V10_1_000016.1.pdb,50,47,20,401,93,17,20
Schistosoma_mansoni_SM_V10_5_000463.1.pdb,62,71,25,650,95,14,51
Schistosoma_mansoni_SM_V10_7_000416.1.pdb,29,28,4,15,39,18,0
Schistosoma_mansoni_SM_V10_6_000681.1.pdb,89,93,10,105,99,45,93
Schistosoma_mansoni_SM_V10_4_000058.1.pdb,85,91,15,229,99,28,81
Schistosoma_mansoni_SM_V10_5_000204.1.pdb,49,48,15,216,90,14,7
Schistosoma_mansoni_SM_V10_2_001128.1.pdb,34,34,6,34,50,15,0
Schistosoma_mansoni_SM_V10_1_001762.1.pdb,47,36,25,633,94,13,26
Schistosoma_mansoni_SM_V10_7_000181.1.pdb,84,87,13,169,98,41,85
Schistosoma_mansoni_SM_V10_3_000864.1.pdb,44,46,8,66,56,21,0
Schistosoma_mansoni_SM_V10_4_000035.1.pdb,64,64,17,278,95,28,40
Schistosoma_mansoni_SM_V10_5_000199.1.pdb,53,48,16,248,86,31,22
Schistosoma_mansoni_SM_V10_Z_002180.1.pdb,28,27,6,38,48,12,0
Schistosoma_mansoni_SM_V10_3_001079.1.pdb,84,90,15,213,99,42,82
Schistosoma_mansoni_SM_V10_5_000504.1.pdb,38,33,14,193,78,18,5
Schistosoma_mansoni_SM_V10_6_000547.1.pdb,47,44,8,66,67,35,0
Schistosoma_mansoni_SM_V10_4_001148.1.pdb,47,40,22,466,92,15,18
Schistosoma_mansoni_SM_V10_4_000066.1.pdb,57,59,8,69,69,19,0
Schistosoma_mansoni_SM_V10_Z_001960.1.pdb,41,41,9,81,69,24,0
Schistosoma_mansoni_SM_V10_3_000162.1.pdb,44,38,12,146,70,29,0
Schistosoma_mansoni_SM_V10_4_000006.1.pdb,51,48,8,62,64,39,0
Schistosoma_mansoni_SM_V10_2_000221.1.pdb,71,75,13,167,90,23,63
Schistosoma_mansoni_SM_V10_1_000343.1.pdb,60,64,20,385,96,14,40
Schistosoma_mansoni_SM_V10_4_001146.1.pdb,48,45,22,476,94,7,21
Schistosoma_mansoni_SM_V10_3_000035.1.pdb,41,40,6,37,55,22,0
Schistosoma_mansoni_SM_V10_4_000796.1.pdb,62,64,13,161,78,35,38
Schistosoma_mansoni_SM_V10_6_000070.1.pdb,43,42,3,12,51,36,0
Schistosoma_mansoni_SM_V10_2_000038.1.pdb,55,54,16,240,88,18,19
Schistosoma_mansoni_SM_V10_Z_001998.1.pdb,54,52,15,229,93,25,16
Schistosoma_mansoni_SM_V10_2_000502.1.pdb,54,47,14,206,78,31,24
Schistosoma_mansoni_SM_V10_1_001948.1.pdb,55,51,21,438,93,23,35
Schistosoma_mansoni_SM_V10_2_000260.1.pdb,73,78,12,152,87,43,66
Schistosoma_mansoni_SM_V10_Z_001081.1.pdb,82,86,14,184,95,34,87
Schistosoma_mansoni_SM_V10_4_000606.1.pdb,56,55,20,406,93,11,33
Schistosoma_mansoni_SM_V10_3_000325.1.pdb,41,41,4,13,48,36,0
Schistosoma_mansoni_SM_V10_2_000206.1.pdb,81,83,8,70,91,54,87
Schistosoma_mansoni_SM_V10_2_000888.1.pdb,78,81,9,90,89,48,86
Schistosoma_mansoni_SM_V10_6_000475.1.pdb,77,85,15,231,91,43,78
Schistosoma_mansoni_SM_V10_6_000533.1.pdb,63,66,19,375,93,31,45
Schistosoma_mansoni_SM_V10_1_000438.1.pdb,72,72,9,86,86,54,52
Schistosoma_mansoni_SM_V10_Z_000699.1.pdb,65,70,15,214,88,34,52
Schistosoma_mansoni_SM_V10_3_000376.1.pdb,37,33,12,145,66,15,0
Schistosoma_mansoni_SM_V10_2_000169.1.pdb,62,64,18,309,93,18,40
Schistosoma_mansoni_SM_V10_4_000007.1.pdb,58,55,13,170,79,40,29
Schistosoma_mansoni_SM_V10_1_001921.1.pdb,40,40,7,47,49,18,0
Schistosoma_mansoni_SM_V10_1_002018.1.pdb,72,71,13,177,94,41,54
Schistosoma_mansoni_SM_V10_5_000326.1.pdb,47,45,11,111,67,28,0
Schistosoma_mansoni_SM_V10_Z_002092.1.pdb,60,63,20,398,93,14,32
Schistosoma_mansoni_SM_V10_1_000485.1.pdb,64,67,13,174,80,22,44
Schistosoma_mansoni_SM_V10_4_001043.1.pdb,89,92,7,52,97,56,98
Schistosoma_mansoni_SM_V10_4_000739.1.pdb,46,41,11,112,73,31,5
Schistosoma_mansoni_SM_V10_2_000685.1.pdb,34,33,8,65,63,19,0
Schistosoma_mansoni_SM_V10_Z_001047.1.pdb,66,73,19,372,89,25,56
Schistosoma_mansoni_SM_V10_1_000006.1.pdb,47,40,22,481,92,11,21
Schistosoma_mansoni_SM_V10_1_000885.1.pdb,44,45,10,92,68,25,0
Schistosoma_mansoni_SM_V10_1_000684.1.pdb,70,71,17,292,96,38,51
Schistosoma_mansoni_SM_V10_7_000239.1.pdb,28,24,11,130,77,14,2
Schistosoma_mansoni_SM_V10_3_000201.1.pdb,38,33,14,196,70,18,1
Schistosoma_mansoni_SM_V10_7_000112.1.pdb,30,30,7,51,55,12,0
Schistosoma_mansoni_SM_V10_5_000140.1.pdb,49,49,5,26,58,38,0
Schistosoma_mansoni_SM_V10_Z_000175.1.pdb,72,78,16,260,94,21,66
Schistosoma_mansoni_SM_V10_2_001031.1.pdb,45,44,15,213,77,11,8
Schistosoma_mansoni_SM_V10_Z_001512.1.pdb,91,94,9,74,99,56,96
Schistosoma_mansoni_SM_V10_7_000058.1.pdb,78,82,9,88,89,52,78
Schistosoma_mansoni_SM_V10_3_000783.1.pdb,86,87,5,23,91,71,100
Schistosoma_mansoni_SM_V10_3_000583.1.pdb,52,49,13,179,80,24,13
Schistosoma_mansoni_SM_V10_3_000315.1.pdb,86,90,13,170,98,45,86
Schistosoma_mansoni_SM_V10_3_000028.1.pdb,23,20,12,134,79,6,2
Schistosoma_mansoni_SM_V10_3_000490.1.pdb,56,49,22,472,95,18,29
Schistosoma_mansoni_SM_V10_1_001767.1.pdb,23,22,4,19,48,10,0
Schistosoma_mansoni_SM_V10_Z_000577.1.pdb,30,27,11,111,66,12,0
Schistosoma_mansoni_SM_V10_1_000146.1.pdb,44,44,7,50,59,17,0
Schistosoma_mansoni_SM_V10_1_000637.1.pdb,87,93,14,192,99,21,89
Schistosoma_mansoni_SM_V10_5_000078.1.pdb,38,37,5,20,47,19,0
Schistosoma_mansoni_SM_V10_3_000761.1.pdb,75,83,19,360,98,29,70
Schistosoma_mansoni_SM_V10_1_000514.1.pdb,38,38,7,49,52,25,0
Schistosoma_mansoni_SM_V10_1_000996.1.pdb,55,58,11,120,70,36,0
Schistosoma_mansoni_SM_V10_Z_001804.1.pdb,42,31,24,556,95,17,19
Schistosoma_mansoni_SM_V10_Z_000769.1.pdb,62,63,13,160,83,17,31
Schistosoma_mansoni_SM_V10_6_000467.1.pdb,52,43,20,400,91,23,27
Schistosoma_mansoni_SM_V10_Z_000122.1.pdb,85,88,8,60,92,50,94
Schistosoma_mansoni_SM_V10_3_001285.1.pdb,54,52,23,517,94,9,34
Schistosoma_mansoni_SM_V10_Z_001485.1.pdb,45,39,16,241,80,23,13
Schistosoma_mansoni_SM_V10_Z_001756.1.pdb,57,55,16,244,83,17,26
Schistosoma_mansoni_SM_V10_4_000333.1.pdb,29,28,4,18,41,21,0
Schistosoma_mansoni_SM_V10_Z_000972.1.pdb,95,97,4,18,99,65,99
Schistosoma_mansoni_SM_V10_7_000413.1.pdb,72,76,16,248,95,35,61
Schistosoma_mansoni_SM_V10_3_000406.1.pdb,69,73,10,95,82,44,58
Schistosoma_mansoni_SM_V10_4_000701.1.pdb,38,35,14,187,85,14,4
Schistosoma_mansoni_SM_V10_1_000641.1.pdb,28,26,8,58,56,16,0
Schistosoma_mansoni_SM_V10_Z_002196.1.pdb,63,63,10,104,88,28,27
Schistosoma_mansoni_SM_V10_3_001277.1.pdb,57,52,15,216,88,35,22
Schistosoma_mansoni_SM_V10_3_000256.1.pdb,53,39,27,721,97,10,34
Schistosoma_mansoni_SM_V10_4_000524.1.pdb,72,72,14,193,95,43,53
Schistosoma_mansoni_SM_V10_5_000193.1.pdb,64,61,28,805,96,7,49
Schistosoma_mansoni_SM_V10_3_000816.1.pdb,61,57,15,222,87,36,34
Schistosoma_mansoni_SM_V10_4_000917.1.pdb,47,47,5,21,57,39,0
Schistosoma_mansoni_SM_V10_3_000642.1.pdb,40,30,23,533,95,10,19
Schistosoma_mansoni_SM_V10_1_000366.1.pdb,68,75,16,247,87,30,60
Schistosoma_mansoni_SM_V10_6_000236.1.pdb,40,32,23,512,95,10,19
Schistosoma_mansoni_SM_V10_5_000203.1.pdb,67,70,16,246,93,29,51
Schistosoma_mansoni_SM_V10_Z_000991.1.pdb,73,78,15,238,92,41,65
Schistosoma_mansoni_SM_V10_Z_001371.1.pdb,38,37,5,28,59,26,0
Schistosoma_mansoni_SM_V10_2_000182.1.pdb,65,64,22,466,98,16,44
Schistosoma_mansoni_SM_V10_6_000364.1.pdb,63,68,21,434,98,29,48
Schistosoma_mansoni_SM_V10_Z_000475.1.pdb,78,83,11,129,87,30,88
Schistosoma_mansoni_SM_V10_Z_002066.1.pdb,44,34,21,430,91,18,18
Schistosoma_mansoni_SM_V10_4_001063.1.pdb,67,67,24,577,99,20,47
Schistosoma_mansoni_SM_V10_Z_000689.1.pdb,37,34,13,174,85,15,6
Schistosoma_mansoni_SM_V10_Z_002197.1.pdb,82,85,10,92,95,54,87
Schistosoma_mansoni_SM_V10_3_000879.1.pdb,56,52,14,186,86,34,21
Schistosoma_mansoni_SM_V10_4_000503.1.pdb,25,24,6,37,63,8,0
Schistosoma_mansoni_SM_V10_Z_000022.1.pdb,80,85,14,193,98,32,77
Schistosoma_mansoni_SM_V10_6_000434.1.pdb,75,74,7,55,89,59,77
Schistosoma_mansoni_SM_V10_3_001150.1.pdb,42,38,12,133,63,17,0
Schistosoma_mansoni_SM_V10_Z_001182.1.pdb,40,40,5,21,51,31,0
Schistosoma_mansoni_SM_V10_3_000031.1.pdb,41,37,14,195,73,20,4
Schistosoma_mansoni_SM_V10_7_000217.1.pdb,71,72,16,270,96,30,54
Schistosoma_mansoni_SM_V10_Z_000128.1.pdb,74,78,16,259,98,39,61
Schistosoma_mansoni_SM_V10_1_000433.1.pdb,75,78,12,139,89,42,66
Schistosoma_mansoni_SM_V10_2_001199.1.pdb,77,80,12,144,97,43,75
Schistosoma_mansoni_SM_V10_4_000034.1.pdb,42,31,21,437,91,15,14
Schistosoma_mansoni_SM_V10_4_000707.1.pdb,72,79,16,245,89,44,67
Schistosoma_mansoni_SM_V10_1_002008.1.pdb,61,58,12,132,84,39,25
Schistosoma_mansoni_SM_V10_4_000657.1.pdb,40,40,9,73,58,24,0
Schistosoma_mansoni_SM_V10_1_002200.1.pdb,34,33,4,17,48,17,0
Schistosoma_mansoni_SM_V10_3_001104.1.pdb,32,32,5,30,46,10,0
Schistosoma_mansoni_SM_V10_1_002158.1.pdb,43,41,6,37,60,33,0
Schistosoma_mansoni_SM_V10_3_000618.1.pdb,22,21,6,35,49,7,0
Schistosoma_mansoni_SM_V10_Z_001936.1.pdb,36,31,14,184,77,17,2
Schistosoma_mansoni_SM_V10_1_000542.1.pdb,36,34,7,53,55,19,0
Schistosoma_mansoni_SM_V10_1_000464.1.pdb,32,31,6,34,54,21,0
Schistosoma_mansoni_SM_V10_4_001064.1.pdb,84,90,15,210,96,34,86
Schistosoma_mansoni_SM_V10_1_002252.1.pdb,48,45,12,142,74,32,7
Schistosoma_mansoni_SM_V10_Z_001051.1.pdb,41,37,11,121,69,25,0
Schistosoma_mansoni_SM_V10_7_000063.1.pdb,78,82,9,88,89,52,78
Schistosoma_mansoni_SM_V10_1_000014.1.pdb,42,41,16,255,84,16,7
Schistosoma_mansoni_SM_V10_1_001970.1.pdb,71,75,12,135,83,38,66
Schistosoma_mansoni_SM_V10_Z_002184.1.pdb,86,91,14,207,99,30,87
Schistosoma_mansoni_SM_V10_3_000003.1.pdb,63,66,21,428,93,17,46
Schistosoma_mansoni_SM_V10_Z_000454.1.pdb,70,79,23,550,98,19,62
Schistosoma_mansoni_SM_V10_Z_000793.1.pdb,68,75,22,477,96,19,56
Schistosoma_mansoni_SM_V10_1_002271.1.pdb,80,84,14,195,98,36,78
Schistosoma_mansoni_SM_V10_4_000927.1.pdb,37,37,5,22,45,26,0
Schistosoma_mansoni_SM_V10_1_001479.1.pdb,77,82,15,225,95,32,75
Schistosoma_mansoni_SM_V10_3_001270.1.pdb,39,36,14,189,85,8,5
Schistosoma_mansoni_SM_V10_1_000128.1.pdb,40,31,22,497,97,17,16
Schistosoma_mansoni_SM_V10_1_001552.1.pdb,58,61,12,155,76,23,15
Schistosoma_mansoni_SM_V10_2_000774.1.pdb,30,28,8,62,57,18,0
Schistosoma_mansoni_SM_V10_1_000011.1.pdb,46,39,21,458,95,16,18
Schistosoma_mansoni_SM_V10_5_000010.1.pdb,83,88,13,178,98,51,82
Schistosoma_mansoni_SM_V10_Z_000401.1.pdb,59,61,10,102,73,26,16
Schistosoma_mansoni_SM_V10_Z_000491.1.pdb,62,64,13,162,80,28,31
Schistosoma_mansoni_SM_V10_Z_002129.1.pdb,47,44,17,290,77,22,10
Schistosoma_mansoni_SM_V10_4_000207.1.pdb,49,48,21,437,91,8,21
Schistosoma_mansoni_SM_V10_1_000917.1.pdb,51,49,16,251,83,5,17
Schistosoma_mansoni_SM_V10_Z_001774.1.pdb,65,70,18,339,90,36,50
Schistosoma_mansoni_SM_V10_2_000256.1.pdb,63,65,16,265,92,27,43
Schistosoma_mansoni_SM_V10_Z_001204.1.pdb,50,45,23,528,96,12,25
Schistosoma_mansoni_SM_V10_1_000914.1.pdb,47,48,14,187,75,24,7
Schistosoma_mansoni_SM_V10_1_002169.1.pdb,45,36,22,467,85,16,22
Schistosoma_mansoni_SM_V10_5_000315.1.pdb,32,32,4,18,41,15,0
Schistosoma_mansoni_SM_V10_3_001207.1.pdb,44,44,4,15,51,34,0
Schistosoma_mansoni_SM_V10_4_000552.1.pdb,40,29,22,478,96,15,13
Schistosoma_mansoni_SM_V10_Z_000011.1.pdb,49,50,15,238,82,21,8
Schistosoma_mansoni_SM_V10_Z_002281.1.pdb,70,70,15,224,93,34,50
Schistosoma_mansoni_SM_V10_4_001119.1.pdb,85,91,15,236,99,29,81
Schistosoma_mansoni_SM_V10_7_000229.1.pdb,49,50,14,194,70,17,1
Schistosoma_mansoni_SM_V10_4_000778.1.pdb,49,51,11,122,65,25,0
Schistosoma_mansoni_SM_V10_Z_001430.1.pdb,89,93,10,95,98,52,92
Schistosoma_mansoni_SM_V10_Z_001444.1.pdb,41,31,23,525,96,9,16
Schistosoma_mansoni_SM_V10_7_000214.1.pdb,44,33,22,503,95,15,15
Schistosoma_mansoni_SM_V10_4_000672.1.pdb,46,40,14,193,80,27,12
Schistosoma_mansoni_SM_V10_4_000774.1.pdb,46,39,21,457,89,7,21
Schistosoma_mansoni_SM_V10_7_000285.1.pdb,52,51,12,137,73,36,7
Schistosoma_mansoni_SM_V10_Z_001727.1.pdb,30,29,4,18,42,23,0
Schistosoma_mansoni_SM_V10_2_000708.1.pdb,50,45,16,246,86,30,20
Schistosoma_mansoni_SM_V10_Z_002083.1.pdb,66,68,12,152,84,48,49
Schistosoma_mansoni_SM_V10_2_001017.1.pdb,38,36,7,52,57,25,0
Schistosoma_mansoni_SM_V10_5_000239.1.pdb,40,26,25,642,97,12,22
Schistosoma_mansoni_SM_V10_4_001115.1.pdb,74,76,9,75,86,50,73
Schistosoma_mansoni_SM_V10_4_000012.1.pdb,70,68,15,219,96,30,47
Schistosoma_mansoni_SM_V10_2_000571.1.pdb,51,50,22,467,95,19,21
Schistosoma_mansoni_SM_V10_1_000028.1.pdb,58,59,11,121,77,35,16
Schistosoma_mansoni_SM_V10_Z_001919.1.pdb,69,74,18,316,96,33,56
Schistosoma_mansoni_SM_V10_7_000258.1.pdb,68,71,9,80,81,42,53
Schistosoma_mansoni_SM_V10_3_000737.1.pdb,40,39,7,54,59,25,0
Schistosoma_mansoni_SM_V10_2_001074.1.pdb,35,33,9,72,66,18,0
Schistosoma_mansoni_SM_V10_1_001467.1.pdb,65,70,18,331,93,24,50
Schistosoma_mansoni_SM_V10_2_000654.1.pdb,37,35,7,49,52,24,0
Schistosoma_mansoni_SM_V10_6_000060.1.pdb,90,92,7,56,98,59,95
Schistosoma_mansoni_SM_V10_Z_000157.1.pdb,79,81,8,67,93,50,84
Schistosoma_mansoni_SM_V10_2_000585.1.pdb,77,81,14,198,96,37,67
Schistosoma_mansoni_SM_V10_4_000302.1.pdb,65,68,12,153,82,38,41
Schistosoma_mansoni_SM_V10_3_001165.1.pdb,49,31,29,838,97,10,32
Schistosoma_mansoni_SM_V10_4_000285.1.pdb,48,44,11,118,77,32,7
Schistosoma_mansoni_SM_V10_2_000056.1.pdb,43,35,20,400,95,17,14
Schistosoma_mansoni_SM_V10_Z_000839.1.pdb,53,53,8,56,70,41,2
Schistosoma_mansoni_SM_V10_2_000341.1.pdb,36,32,15,214,79,16,3
Schistosoma_mansoni_SM_V10_7_000171.1.pdb,79,85,16,258,98,33,73
Schistosoma_mansoni_SM_V10_2_001056.1.pdb,73,77,16,256,95,36,66
Schistosoma_mansoni_SM_V10_Z_000266.1.pdb,65,60,11,122,82,49,36
Schistosoma_mansoni_SM_V10_3_000174.1.pdb,48,50,10,104,66,19,0
Schistosoma_mansoni_SM_V10_4_001065.1.pdb,84,85,7,42,93,49,96
Schistosoma_mansoni_SM_V10_Z_000832.1.pdb,40,39,9,80,57,10,0
Schistosoma_mansoni_SM_V10_4_000203.1.pdb,28,28,4,14,40,17,0
Schistosoma_mansoni_SM_V10_4_000549.1.pdb,42,35,17,287,81,16,10
Schistosoma_mansoni_SM_V10_1_000767.1.pdb,62,64,11,131,77,39,37
Schistosoma_mansoni_SM_V10_7_000184.1.pdb,62,60,12,156,80,28,37
Schistosoma_mansoni_SM_V10_6_000170.1.pdb,59,58,5,20,67,52,0
Schistosoma_mansoni_SM_V10_Z_000001.1.pdb,83,88,15,224,99,27,84
Schistosoma_mansoni_SM_V10_4_000036.1.pdb,39,28,23,528,94,13,17
Schistosoma_mansoni_SM_V10_4_001153.1.pdb,70,72,17,276,96,33,54
Schistosoma_mansoni_SM_V10_Z_001391.1.pdb,79,81,12,149,95,36,81
Schistosoma_mansoni_SM_V10_1_000488.1.pdb,59,56,15,222,92,34,23
Schistosoma_mansoni_SM_V10_4_000103.1.pdb,67,67,15,220,91,33,42
Schistosoma_mansoni_SM_V10_Z_000846.1.pdb,79,88,20,382,99,29,76
Schistosoma_mansoni_SM_V10_2_000988.1.pdb,33,32,5,27,46,23,0
Schistosoma_mansoni_SM_V10_4_000653.1.pdb,78,77,12,150,97,46,76
Schistosoma_mansoni_SM_V10_Z_001103.1.pdb,46,44,6,36,67,37,0
Schistosoma_mansoni_SM_V10_Z_001995.1.pdb,80,84,13,165,97,39,81
Schistosoma_mansoni_SM_V10_Z_001834.1.pdb,64,67,10,105,78,38,35
Schistosoma_mansoni_SM_V10_Z_001958.1.pdb,46,44,9,81,62,18,0
Schistosoma_mansoni_SM_V10_3_000650.1.pdb,34,28,17,303,94,13,9
Schistosoma_mansoni_SM_V10_2_000246.1.pdb,29,29,3,10,43,21,0
Schistosoma_mansoni_SM_V10_Z_002283.1.pdb,32,29,9,76,61,16,0
Schistosoma_mansoni_SM_V10_2_001059.1.pdb,45,45,3,8,49,35,0
Schistosoma_mansoni_SM_V10_4_000342.1.pdb,41,31,23,512,95,13,18
Schistosoma_mansoni_SM_V10_4_000481.1.pdb,33,31,8,59,57,15,0
Schistosoma_mansoni_SM_V10_5_000257.1.pdb,50,47,20,386,96,23,19
Schistosoma_mansoni_SM_V10_Z_000126.1.pdb,43,39,17,280,82,18,11
Schistosoma_mansoni_SM_V10_Z_001073.1.pdb,49,51,8,58,63,25,0
Schistosoma_mansoni_SM_V10_5_000269.1.pdb,32,31,4,13,42,25,0
Schistosoma_mansoni_SM_V10_1_002141.1.pdb,50,49,6,34,68,40,0
Schistosoma_mansoni_SM_V10_3_000011.1.pdb,67,70,16,244,94,31,50
Schistosoma_mansoni_SM_V10_1_001600.1.pdb,26,23,8,60,59,12,0
Schistosoma_mansoni_SM_V10_4_000973.1.pdb,31,30,5,27,41,16,0
Schistosoma_mansoni_SM_V10_1_000079.1.pdb,35,33,8,63,64,18,0
Schistosoma_mansoni_SM_V10_1_000582.1.pdb,48,46,10,108,75,29,6
Schistosoma_mansoni_SM_V10_5_000414.1.pdb,46,42,11,113,71,27,1
Schistosoma_mansoni_SM_V10_4_000702.1.pdb,58,56,15,217,84,33,28
Schistosoma_mansoni_SM_V10_1_000860.1.pdb,82,84,7,47,89,53,94
Schistosoma_mansoni_SM_V10_1_000897.1.pdb,56,50,25,628,97,11,35
Schistosoma_mansoni_SM_V10_Z_001739.1.pdb,92,96,9,85,99,51,95
Schistosoma_mansoni_SM_V10_Z_001721.1.pdb,70,71,7,55,79,44,60
Schistosoma_mansoni_SM_V10_7_000078.1.pdb,48,43,18,329,88,21,18
Schistosoma_mansoni_SM_V10_2_000572.1.pdb,65,69,16,267,91,18,47
Schistosoma_mansoni_SM_V10_4_000674.1.pdb,47,38,18,333,80,20,19
Schistosoma_mansoni_SM_V10_2_000269.1.pdb,40,40,5,26,52,31,0
Schistosoma_mansoni_SM_V10_3_000623.1.pdb,35,33,7,52,54,23,0
Schistosoma_mansoni_SM_V10_4_000605.1.pdb,70,78,19,375,98,21,61
Schistosoma_mansoni_SM_V10_1_002089.1.pdb,47,47,4,18,57,38,0
Schistosoma_mansoni_SM_V10_2_001090.1.pdb,65,67,17,273,95,28,40
Schistosoma_mansoni_SM_V10_1_001040.1.pdb,57,49,25,610,98,17,36
Schistosoma_mansoni_SM_V10_2_000542.1.pdb,51,50,6,36,65,41,0
Schistosoma_mansoni_SM_V10_1_000927.1.pdb,56,59,20,382,85,26,39
Schistosoma_mansoni_SM_V10_1_000171.1.pdb,62,65,12,139,80,35,31
Schistosoma_mansoni_SM_V10_2_000829.1.pdb,45,47,6,32,54,34,0
Schistosoma_mansoni_SM_V10_6_000301.1.pdb,48,47,7,50,64,37,0
Schistosoma_mansoni_SM_V10_2_000671.1.pdb,80,82,12,145,97,42,79
Schistosoma_mansoni_SM_V10_7_000414.1.pdb,71,75,14,195,92,36,61
Schistosoma_mansoni_SM_V10_Z_001639.1.pdb,49,44,16,260,77,25,12
Schistosoma_mansoni_SM_V10_4_000554.1.pdb,61,61,17,283,97,31,34
Schistosoma_mansoni_SM_V10_Z_000973.1.pdb,40,40,4,16,49,30,0
Schistosoma_mansoni_SM_V10_2_000002.1.pdb,71,74,17,285,96,25,58
Schistosoma_mansoni_SM_V10_4_001151.1.pdb,37,36,9,72,56,12,0
Schistosoma_mansoni_SM_V10_5_000248.1.pdb,35,36,3,8,40,28,0
Schistosoma_mansoni_SM_V10_5_000377.1.pdb,51,48,10,103,70,31,2
Schistosoma_mansoni_SM_V10_1_000125.1.pdb,36,34,7,52,53,14,0
Schistosoma_mansoni_SM_V10_Z_001824.1.pdb,40,31,22,469,95,16,15
Schistosoma_mansoni_SM_V10_3_000269.1.pdb,56,53,11,115,75,39,17
Schistosoma_mansoni_SM_V10_5_000008.1.pdb,62,65,16,257,92,29,36
Schistosoma_mansoni_SM_V10_3_001268.1.pdb,27,23,13,171,86,11,4
Schistosoma_mansoni_SM_V10_Z_002150.1.pdb,76,79,15,229,98,16,67
Schistosoma_mansoni_SM_V10_7_000213.1.pdb,59,59,19,346,94,15,29
Schistosoma_mansoni_SM_V10_6_000206.1.pdb,79,80,10,98,94,50,84
Schistosoma_mansoni_SM_V10_2_000788.1.pdb,51,49,6,36,62,41,0
Schistosoma_mansoni_SM_V10_Z_001560.1.pdb,42,43,8,68,69,17,0
Schistosoma_mansoni_SM_V10_3_001228.1.pdb,44,43,3,12,53,37,0
Schistosoma_mansoni_SM_V10_6_000126.1.pdb,64,66,10,109,80,43,33
Schistosoma_mansoni_SM_V10_4_001152.1.pdb,50,43,15,237,85,31,17
Schistosoma_mansoni_SM_V10_5_000489.1.pdb,46,38,23,545,95,13,18
Schistosoma_mansoni_SM_V10_Z_001144.1.pdb,74,81,17,298,97,32,66
Schistosoma_mansoni_SM_V10_5_000211.1.pdb,57,56,16,262,85,13,30
Schistosoma_mansoni_SM_V10_5_000221.1.pdb,91,92,7,53,99,54,98
Schistosoma_mansoni_SM_V10_Z_001999.1.pdb,83,88,14,208,98,31,81
Schistosoma_mansoni_SM_V10_4_001156.1.pdb,72,74,15,229,98,32,56
Schistosoma_mansoni_SM_V10_5_000219.1.pdb,40,40,7,50,55,9,0
Schistosoma_mansoni_SM_V10_2_001157.1.pdb,51,50,8,59,65,35,0
Schistosoma_mansoni_SM_V10_4_000423.1.pdb,70,79,23,528,97,20,65
Schistosoma_mansoni_SM_V10_4_000772.1.pdb,29,29,4,13,41,22,0
Schistosoma_mansoni_SM_V10_2_001134.1.pdb,46,33,20,419,80,22,20
Schistosoma_mansoni_SM_V10_Z_001499.1.pdb,25,23,8,65,75,8,0
Schistosoma_mansoni_SM_V10_Z_000841.1.pdb,34,29,13,180,76,8,2
Schistosoma_mansoni_SM_V10_Z_001691.1.pdb,83,88,12,148,95,44,85
Schistosoma_mansoni_SM_V10_1_000010.1.pdb,93,94,4,17,98,66,99
Schistosoma_mansoni_SM_V10_2_001070.1.pdb,62,70,29,853,99,12,50
Schistosoma_mansoni_SM_V10_4_001163.1.pdb,53,53,3,10,59,46,0
Schistosoma_mansoni_SM_V10_2_001006.1.pdb,76,81,15,221,94,26,74
Schistosoma_mansoni_SM_V10_1_001133.1.pdb,70,76,21,451,98,24,56
Schistosoma_mansoni_SM_V10_1_001039.1.pdb,37,32,10,98,60,25,0
Schistosoma_mansoni_SM_V10_4_001154.1.pdb,44,36,20,400,91,18,12
Schistosoma_mansoni_SM_V10_5_000305.1.pdb,91,94,8,56,98,51,97
Schistosoma_mansoni_SM_V10_3_000430.1.pdb,36,35,5,22,53,27,0
Schistosoma_mansoni_SM_V10_2_000183.1.pdb,53,55,8,60,66,35,0
Schistosoma_mansoni_SM_V10_3_000033.1.pdb,39,39,4,17,47,26,0
Schistosoma_mansoni_SM_V10_3_000603.1.pdb,77,81,14,205,97,36,69
Schistosoma_mansoni_SM_V10_4_001094.1.pdb,61,58,15,236,91,30,28
Schistosoma_mansoni_SM_V10_1_002265.1.pdb,74,79,17,290,97,27,65
Schistosoma_mansoni_SM_V10_Z_000513.1.pdb,89,93,10,95,98,60,90
Schistosoma_mansoni_SM_V10_Z_001341.1.pdb,39,38,9,90,67,13,0
Schistosoma_mansoni_SM_V10_4_001014.1.pdb,63,63,14,188,88,34,37
Schistosoma_mansoni_SM_V10_2_000770.1.pdb,60,57,22,496,97,23,41
Schistosoma_mansoni_SM_V10_1_000026.1.pdb,69,84,26,700,97,22,53
Schistosoma_mansoni_SM_V10_Z_001101.1.pdb,45,44,6,40,64,35,0
Schistosoma_mansoni_SM_V10_4_000306.1.pdb,37,37,4,19,52,28,0
Schistosoma_mansoni_SM_V10_Z_002263.1.pdb,51,50,18,324,89,18,19
Schistosoma_mansoni_SM_V10_Z_001012.1.pdb,35,35,6,40,63,24,0
Schistosoma_mansoni_SM_V10_4_000002.1.pdb,63,64,13,173,82,34,31
Schistosoma_mansoni_SM_V10_1_001341.1.pdb,71,71,19,371,98,34,51
Schistosoma_mansoni_SM_V10_6_000005.1.pdb,30,28,7,49,48,16,0
Schistosoma_mansoni_SM_V10_1_000090.1.pdb,61,57,13,163,80,44,36
Schistosoma_mansoni_SM_V10_Z_000399.1.pdb,65,62,18,319,96,29,39
Schistosoma_mansoni_SM_V10_1_000782.1.pdb,67,72,18,329,95,23,55
Schistosoma_mansoni_SM_V10_Z_001689.1.pdb,66,74,17,273,84,31,61
Schistosoma_mansoni_SM_V10_3_000371.1.pdb,74,78,16,264,96,31,66
Schistosoma_mansoni_SM_V10_Z_000137.1.pdb,40,38,7,43,58,30,0
Schistosoma_mansoni_SM_V10_1_001271.1.pdb,68,66,10,103,83,45,44
Schistosoma_mansoni_SM_V10_Z_000974.1.pdb,95,97,6,31,99,50,99
Schistosoma_mansoni_SM_V10_2_001181.1.pdb,38,36,5,28,51,27,0
Schistosoma_mansoni_SM_V10_2_000443.1.pdb,86,91,13,165,98,44,85
Schistosoma_mansoni_SM_V10_4_001183.1.pdb,65,70,18,334,90,32,52
Schistosoma_mansoni_SM_V10_7_000323.1.pdb,65,59,17,294,96,36,30
Schistosoma_mansoni_SM_V10_Z_000514.1.pdb,93,96,9,80,99,38,96
Schistosoma_mansoni_SM_V10_1_001633.1.pdb,50,48,12,138,80,28,10
Schistosoma_mansoni_SM_V10_Z_001959.1.pdb,58,61,22,474,90,22,41
Schistosoma_mansoni_SM_V10_1_000256.1.pdb,61,57,13,167,86,34,31
Schistosoma_mansoni_SM_V10_2_000769.1.pdb,27,27,4,16,39,15,0
Schistosoma_mansoni_SM_V10_3_000602.1.pdb,82,88,17,284,99,23,79
Schistosoma_mansoni_SM_V10_4_000506.1.pdb,85,90,15,211,98,25,86
Schistosoma_mansoni_SM_V10_1_001542.1.pdb,55,55,11,131,74,27,10
Schistosoma_mansoni_SM_V10_WSR_000024.1.pdb,30,29,7,44,43,9,0
Schistosoma_mansoni_SM_V10_5_000270.1.pdb,46,43,9,88,68,21,0
Schistosoma_mansoni_SM_V10_Z_001602.1.pdb,76,87,18,338,94,35,71
Schistosoma_mansoni_SM_V10_3_000678.1.pdb,45,46,4,14,51,36,0
Schistosoma_mansoni_SM_V10_1_000844.1.pdb,31,31,4,16,45,22,0
Schistosoma_mansoni_SM_V10_1_000029.1.pdb,39,36,9,78,65,26,0
Schistosoma_mansoni_SM_V10_5_000099.1.pdb,47,50,13,159,70,25,0
Schistosoma_mansoni_SM_V10_1_001142.1.pdb,63,61,21,437,96,23,41
Schistosoma_mansoni_SM_V10_2_001148.1.pdb,39,37,8,58,54,25,0
Schistosoma_mansoni_SM_V10_5_000309.1.pdb,51,53,6,35,61,36,0
Schistosoma_mansoni_SM_V10_Z_001385.1.pdb,48,49,9,89,62,30,0
Schistosoma_mansoni_SM_V10_WSR_000027.1.pdb,33,28,14,206,83,12,6
Schistosoma_mansoni_SM_V10_5_000075.1.pdb,29,28,3,7,43,23,0
Schistosoma_mansoni_SM_V10_3_000072.1.pdb,81,86,15,218,98,42,78
Schistosoma_mansoni_SM_V10_3_000559.1.pdb,46,37,22,488,96,20,21
Schistosoma_mansoni_SM_V10_2_000763.1.pdb,49,47,6,38,66,38,0
Schistosoma_mansoni_SM_V10_7_000005.1.pdb,44,39,15,214,77,22,7
Schistosoma_mansoni_SM_V10_3_000270.1.pdb,83,88,14,189,98,38,86
Schistosoma_mansoni_SM_V10_1_001954.1.pdb,82,92,18,321,99,44,73
Schistosoma_mansoni_SM_V10_6_000486.1.pdb,32,32,5,21,44,16,0
Schistosoma_mansoni_SM_V10_WSR_000005.1.pdb,61,59,17,291,92,32,34
Schistosoma_mansoni_SM_V10_5_000194.1.pdb,52,48,16,253,86,31,21
Schistosoma_mansoni_SM_V10_1_000827.1.pdb,29,29,3,9,38,19,0
Schistosoma_mansoni_SM_V10_1_001001.1.pdb,42,43,6,35,54,26,0
Schistosoma_mansoni_SM_V10_1_000398.1.pdb,75,81,16,244,93,48,60
Schistosoma_mansoni_SM_V10_7_000106.1.pdb,45,45,3,10,53,29,0
Schistosoma_mansoni_SM_V10_Z_000940.1.pdb,59,56,15,216,86,36,25
Schistosoma_mansoni_SM_V10_1_000930.1.pdb,28,27,5,26,44,17,0
Schistosoma_mansoni_SM_V10_7_000291.1.pdb,46,42,15,238,87,27,13
Schistosoma_mansoni_SM_V10_Z_001595.1.pdb,82,83,7,49,94,50,93
Schistosoma_mansoni_SM_V10_4_000100.1.pdb,47,46,6,37,63,37,0
Schistosoma_mansoni_SM_V10_Z_001920.1.pdb,70,79,21,422,97,28,58
Schistosoma_mansoni_SM_V10_4_000502.1.pdb,84,90,16,259,98,28,84
Schistosoma_mansoni_SM_V10_4_000593.1.pdb,43,39,16,262,84,18,8
