transcript:ENSORHT00000040499.pdb,30,30,3,11,39,19,0
transcript:ENSORHT00000035389.pdb,76,82,16,252,96,31,71
transcript:ENSORHT00000040078.pdb,56,52,10,92,80,44,14
transcript:ENSORHT00000033023.pdb,74,79,20,400,98,24,62
transcript:ENSORHT00000043192.pdb,37,34,8,65,52,19,0
transcript:ENSORHT00000022423.pdb,49,49,15,233,78,26,11
transcript:ENSORHT00000042160.pdb,55,55,15,219,78,34,22
transcript:ENSORHT00000019645.pdb,79,83,13,178,96,49,76
transcript:ENSORHT00000041205.pdb,31,30,6,31,46,16,0
transcript:ENSORHT00000033730.pdb,77,78,9,82,90,41,87
transcript:ENSORHT00000004584.pdb,82,86,12,155,98,43,80
transcript:ENSORHT00000042981.pdb,75,77,12,137,92,43,75
transcript:ENSORHT00000040108.pdb,31,31,4,20,43,23,0
transcript:ENSORHT00000021896.pdb,39,38,10,96,61,21,0
transcript:ENSORHT00000025724.pdb,44,42,8,68,68,23,0
transcript:ENSORHT00000017581.pdb,47,47,5,23,57,30,0
transcript:ENSORHT00000033122.pdb,35,32,9,72,55,18,0
transcript:ENSORHT00000019684.pdb,80,79,13,156,98,37,75
transcript:ENSORHT00000006045.pdb,29,28,6,39,49,17,0
transcript:ENSORHT00000002226.pdb,80,81,12,139,98,42,80
transcript:ENSORHT00000009582.pdb,35,32,10,93,60,18,0
transcript:ENSORHT00000016228.pdb,35,33,7,43,53,20,0
transcript:ENSORHT00000042648.pdb,41,42,4,17,52,28,0
transcript:ENSORHT00000047788.pdb,86,90,10,107,98,48,92
transcript:ENSORHT00000005506.pdb,32,30,7,46,51,17,0
transcript:ENSORHT00000037363.pdb,33,30,10,92,64,17,0
transcript:ENSORHT00000012396.pdb,29,28,4,17,40,17,0
transcript:ENSORHT00000036388.pdb,79,88,17,302,98,46,63
transcript:ENSORHT00000032427.pdb,36,31,11,120,66,18,0
transcript:ENSORHT00000025002.pdb,31,28,8,59,52,17,0
transcript:ENSORHT00000051180.pdb,38,35,10,105,70,25,0
transcript:ENSORHT00000011117.pdb,63,65,11,116,78,34,36
transcript:ENSORHT00000030379.pdb,59,62,14,185,77,27,28
transcript:ENSORHT00000002988.pdb,73,78,14,195,87,36,74
transcript:ENSORHT00000053716.pdb,59,58,12,145,87,32,18
transcript:ENSORHT00000054976.pdb,36,35,6,37,51,25,0
transcript:ENSORHT00000056174.pdb,48,41,18,337,88,20,20
transcript:ENSORHT00000039219.pdb,43,43,5,28,56,34,0
transcript:ENSORHT00000008407.pdb,39,37,14,205,76,18,3
transcript:ENSORHT00000001914.pdb,35,34,5,26,48,26,0
transcript:ENSORHT00000033169.pdb,49,46,15,214,75,22,9
transcript:ENSORHT00000006053.pdb,27,27,3,8,34,15,0
transcript:ENSORHT00000003985.pdb,33,30,8,66,58,17,0
transcript:ENSORHT00000016556.pdb,39,38,5,28,57,31,0
transcript:ENSORHT00000004567.pdb,36,33,10,94,57,18,0
transcript:ENSORHT00000056230.pdb,30,28,7,54,50,17,0
transcript:ENSORHT00000048006.pdb,41,41,5,23,51,27,0
transcript:ENSORHT00000018882.pdb,84,89,13,178,99,50,82
transcript:ENSORHT00000052499.pdb,35,35,8,72,52,7,0
transcript:ENSORHT00000054470.pdb,30,29,5,28,49,8,0
transcript:ENSORHT00000033724.pdb,74,76,10,109,89,41,70
transcript:ENSORHT00000031685.pdb,49,48,6,36,63,32,0
transcript:ENSORHT00000009599.pdb,56,50,13,166,83,40,23
transcript:ENSORHT00000050066.pdb,79,81,7,52,90,55,87
transcript:ENSORHT00000021050.pdb,31,30,8,67,65,22,0
transcript:ENSORHT00000048884.pdb,54,47,14,208,81,34,25
transcript:ENSORHT00000014938.pdb,85,88,11,121,98,46,91
transcript:ENSORHT00000007134.pdb,68,68,14,194,88,40,49
transcript:ENSORHT00000014895.pdb,54,51,10,92,82,43,10
transcript:ENSORHT00000016919.pdb,88,92,11,112,99,52,91
transcript:ENSORHT00000011590.pdb,65,66,12,142,84,38,40
transcript:ENSORHT00000014012.pdb,35,34,6,33,49,27,0
transcript:ENSORHT00000016664.pdb,64,63,15,231,96,36,27
transcript:ENSORHT00000051745.pdb,39,37,10,105,65,23,0
transcript:ENSORHT00000047222.pdb,30,29,5,24,47,20,0
transcript:ENSORHT00000031380.pdb,30,30,3,7,37,21,0
transcript:ENSORHT00000028364.pdb,42,42,4,17,51,34,0
transcript:ENSORHT00000003298.pdb,96,97,5,21,99,66,100
transcript:ENSORHT00000023728.pdb,38,38,4,20,50,30,0
transcript:ENSORHT00000025120.pdb,69,72,14,193,89,42,56
transcript:ENSORHT00000031257.pdb,31,29,7,46,48,22,0
transcript:ENSORHT00000054401.pdb,85,89,12,144,98,48,85
transcript:ENSORHT00000021466.pdb,89,94,10,110,99,56,91
transcript:ENSORHT00000038873.pdb,50,50,15,237,75,16,8
transcript:ENSORHT00000007715.pdb,63,67,19,360,91,7,46
transcript:ENSORHT00000050518.pdb,62,64,16,247,87,30,40
transcript:ENSORHT00000056675.pdb,48,48,7,48,68,35,0
transcript:ENSORHT00000049330.pdb,82,91,17,299,98,40,73
transcript:ENSORHT00000053222.pdb,53,53,10,105,77,33,7
transcript:ENSORHT00000034134.pdb,85,89,13,166,98,32,86
transcript:ENSORHT00000019322.pdb,91,93,7,46,98,58,98
transcript:ENSORHT00000042046.pdb,49,43,13,178,80,34,14
transcript:ENSORHT00000032323.pdb,42,42,4,15,51,33,0
transcript:ENSORHT00000007255.pdb,76,80,13,173,93,28,72
transcript:ENSORHT00000042671.pdb,64,62,16,241,92,30,32
transcript:ENSORHT00000033340.pdb,83,88,13,164,98,57,82
transcript:ENSORHT00000015829.pdb,43,41,9,88,68,22,0
transcript:ENSORHT00000035853.pdb,38,38,7,54,53,25,0
transcript:ENSORHT00000046674.pdb,83,88,14,194,98,37,82
transcript:ENSORHT00000021909.pdb,40,32,19,379,95,20,12
transcript:ENSORHT00000006021.pdb,50,41,19,351,91,25,20
transcript:ENSORHT00000027512.pdb,34,32,5,28,50,25,0
transcript:ENSORHT00000001821.pdb,29,28,6,41,48,16,0
transcript:ENSORHT00000000836.pdb,45,47,10,96,62,27,0
transcript:ENSORHT00000025308.pdb,58,53,11,115,78,45,26
transcript:ENSORHT00000047619.pdb,35,35,4,14,42,22,0
transcript:ENSORHT00000014224.pdb,32,32,5,28,45,18,0
transcript:ENSORHT00000000526.pdb,69,67,13,158,93,47,42
transcript:ENSORHT00000008206.pdb,29,29,5,21,46,13,0
transcript:ENSORHT00000007730.pdb,53,52,13,175,82,27,18
transcript:ENSORHT00000030751.pdb,74,75,13,170,96,41,64
transcript:ENSORHT00000016210.pdb,34,34,4,16,44,23,0
transcript:ENSORHT00000057233.pdb,39,38,7,53,55,25,0
transcript:ENSORHT00000012616.pdb,81,85,11,132,95,37,85
transcript:ENSORHT00000050606.pdb,82,87,16,245,99,32,83
transcript:ENSORHT00000056343.pdb,89,92,8,66,98,55,95
transcript:ENSORHT00000052662.pdb,66,71,21,434,92,18,51
transcript:ENSORHT00000038957.pdb,43,42,5,24,52,30,0
transcript:ENSORHT00000032794.pdb,42,43,10,91,56,25,0
transcript:ENSORHT00000047488.pdb,67,74,16,269,87,30,63
transcript:ENSORHT00000036811.pdb,85,88,6,42,92,51,97
transcript:ENSORHT00000055478.pdb,63,72,19,355,85,19,56
transcript:ENSORHT00000040668.pdb,62,61,14,186,96,34,19
transcript:ENSORHT00000040716.pdb,50,50,6,39,61,38,0
transcript:ENSORHT00000024576.pdb,32,31,5,21,52,22,0
transcript:ENSORHT00000007210.pdb,60,56,16,261,86,38,36
transcript:ENSORHT00000038875.pdb,66,62,12,156,91,46,36
transcript:ENSORHT00000041023.pdb,34,34,6,36,50,23,0
transcript:ENSORHT00000002156.pdb,55,58,15,216,76,24,15
transcript:ENSORHT00000003292.pdb,30,28,5,29,43,19,0
transcript:ENSORHT00000050641.pdb,29,28,6,37,49,13,0
transcript:ENSORHT00000057624.pdb,58,59,15,220,87,19,25
transcript:ENSORHT00000010460.pdb,31,31,5,26,46,18,0
transcript:ENSORHT00000010448.pdb,41,41,5,29,55,28,0
transcript:ENSORHT00000036287.pdb,38,35,8,59,55,22,0
transcript:ENSORHT00000051588.pdb,32,30,6,41,48,18,0
transcript:ENSORHT00000010430.pdb,87,89,10,91,98,50,93
transcript:ENSORHT00000021939.pdb,37,37,6,38,51,21,0
transcript:ENSORHT00000031654.pdb,63,58,17,273,94,39,31
transcript:ENSORHT00000046678.pdb,42,42,4,19,50,29,0
transcript:ENSORHT00000035112.pdb,57,56,16,244,81,30,32
transcript:ENSORHT00000041186.pdb,30,29,5,24,45,12,0
transcript:ENSORHT00000053906.pdb,30,30,4,19,38,16,0
transcript:ENSORHT00000002050.pdb,28,28,4,19,43,16,0
transcript:ENSORHT00000020912.pdb,35,33,7,42,54,19,0
transcript:ENSORHT00000036252.pdb,76,77,7,46,86,57,77
transcript:ENSORHT00000024073.pdb,82,87,13,179,96,41,79
transcript:ENSORHT00000032111.pdb,46,41,15,233,77,18,9
transcript:ENSORHT00000017975.pdb,61,62,12,145,80,34,27
transcript:ENSORHT00000054712.pdb,84,88,9,83,92,50,93
transcript:ENSORHT00000019509.pdb,45,44,8,60,59,24,0
transcript:ENSORHT00000001430.pdb,31,31,5,29,42,19,0
transcript:ENSORHT00000043998.pdb,35,32,9,83,55,18,0
transcript:ENSORHT00000047885.pdb,28,28,3,11,38,21,0
transcript:ENSORHT00000008827.pdb,30,30,3,12,38,19,0
transcript:ENSORHT00000050919.pdb,76,79,11,124,90,30,84
transcript:ENSORHT00000033255.pdb,85,89,13,174,99,40,87
transcript:ENSORHT00000031755.pdb,70,75,16,266,95,32,55
transcript:ENSORHT00000021018.pdb,83,91,18,316,99,20,78
transcript:ENSORHT00000029984.pdb,83,89,16,254,98,34,81
transcript:ENSORHT00000048242.pdb,65,72,16,252,84,31,58
transcript:ENSORHT00000011686.pdb,64,68,15,220,85,29,46
transcript:ENSORHT00000003626.pdb,96,97,5,23,99,61,100
transcript:ENSORHT00000023254.pdb,38,38,6,40,50,25,0
transcript:ENSORHT00000006905.pdb,37,38,3,11,43,26,0
transcript:ENSORHT00000054030.pdb,29,29,4,14,42,16,0
transcript:ENSORHT00000055709.pdb,36,33,10,101,72,13,1
transcript:ENSORHT00000045015.pdb,40,39,11,112,72,25,1
transcript:ENSORHT00000030365.pdb,56,56,18,309,84,24,32
transcript:ENSORHT00000026076.pdb,90,92,7,52,99,66,99
transcript:ENSORHT00000005060.pdb,62,68,15,229,83,36,48
transcript:ENSORHT00000005361.pdb,56,57,19,358,84,22,33
transcript:ENSORHT00000033571.pdb,72,70,15,236,96,40,50
transcript:ENSORHT00000048496.pdb,33,33,6,40,49,19,0
transcript:ENSORHT00000003639.pdb,34,33,4,14,43,24,0
transcript:ENSORHT00000002038.pdb,48,34,23,519,93,19,27
transcript:ENSORHT00000017088.pdb,42,42,6,32,56,31,0
transcript:ENSORHT00000011143.pdb,43,40,9,80,69,33,0
transcript:ENSORHT00000029234.pdb,92,94,7,44,98,67,98
transcript:ENSORHT00000057435.pdb,55,54,18,311,81,19,34
transcript:ENSORHT00000056814.pdb,32,32,4,16,42,20,0
transcript:ENSORHT00000033403.pdb,28,28,4,18,37,16,0
transcript:ENSORHT00000008376.pdb,35,33,8,65,53,24,0
transcript:ENSORHT00000008451.pdb,53,51,6,42,65,40,0
transcript:ENSORHT00000024345.pdb,40,39,4,17,51,29,0
transcript:ENSORHT00000044961.pdb,97,98,3,9,99,65,100
transcript:ENSORHT00000056930.pdb,85,89,12,154,99,46,87
transcript:ENSORHT00000016338.pdb,32,32,7,45,44,7,0
transcript:ENSORHT00000021996.pdb,29,30,4,17,38,10,0
transcript:ENSORHT00000014445.pdb,32,32,5,24,44,16,0
transcript:ENSORHT00000044221.pdb,86,88,10,91,98,50,95
transcript:ENSORHT00000055200.pdb,67,71,15,224,88,17,52
transcript:ENSORHT00000050780.pdb,39,39,3,12,48,32,0
transcript:ENSORHT00000035840.pdb,51,51,11,118,75,26,6
transcript:ENSORHT00000027165.pdb,40,38,5,25,52,30,0
transcript:ENSORHT00000010678.pdb,86,88,8,58,97,66,98
transcript:ENSORHT00000051449.pdb,91,95,11,128,99,47,92
transcript:ENSORHT00000047836.pdb,66,73,15,236,88,28,54
transcript:ENSORHT00000030055.pdb,85,91,15,233,99,31,85
transcript:ENSORHT00000057458.pdb,84,91,14,186,98,52,75
transcript:ENSORHT00000054231.pdb,51,50,11,122,72,30,2
transcript:ENSORHT00000042041.pdb,38,37,6,31,52,18,0
transcript:ENSORHT00000012790.pdb,28,28,3,7,32,18,0
transcript:ENSORHT00000004008.pdb,45,47,10,109,63,22,0
transcript:ENSORHT00000046460.pdb,30,29,4,19,43,18,0
transcript:ENSORHT00000029055.pdb,32,29,8,68,54,19,0
transcript:ENSORHT00000033818.pdb,80,84,13,174,98,49,78
transcript:ENSORHT00000012605.pdb,35,33,9,77,58,21,0
transcript:ENSORHT00000043677.pdb,34,32,8,62,50,12,0
transcript:ENSORHT00000034825.pdb,39,37,7,46,54,25,0
transcript:ENSORHT00000053591.pdb,59,55,17,281,95,29,28
transcript:ENSORHT00000001224.pdb,33,32,6,37,58,16,0
transcript:ENSORHT00000006704.pdb,77,91,23,510,98,26,67
transcript:ENSORHT00000055313.pdb,31,32,5,25,39,10,0
transcript:ENSORHT00000024863.pdb,30,30,4,12,38,18,0
transcript:ENSORHT00000047658.pdb,68,66,13,166,94,45,37
transcript:ENSORHT00000054922.pdb,35,33,7,43,49,24,0
transcript:ENSORHT00000057431.pdb,74,76,9,74,86,48,67
transcript:ENSORHT00000043913.pdb,59,60,7,43,76,41,3
transcript:ENSORHT00000022382.pdb,43,41,12,143,65,24,0
transcript:ENSORHT00000046061.pdb,30,30,4,16,38,15,0
transcript:ENSORHT00000050620.pdb,88,90,7,53,98,55,96
transcript:ENSORHT00000031383.pdb,34,32,7,47,55,20,0
transcript:ENSORHT00000006741.pdb,27,27,3,12,34,15,0
transcript:ENSORHT00000005200.pdb,35,34,6,41,48,21,0
transcript:ENSORHT00000035166.pdb,56,47,25,620,98,26,30
transcript:ENSORHT00000042248.pdb,33,33,5,28,45,15,0
transcript:ENSORHT00000030062.pdb,56,55,13,174,78,31,23
transcript:ENSORHT00000017407.pdb,38,38,7,48,54,24,0
transcript:ENSORHT00000037175.pdb,74,79,13,177,91,31,74
transcript:ENSORHT00000011404.pdb,32,31,4,17,44,23,0
transcript:ENSORHT00000053202.pdb,47,46,4,17,58,38,0
transcript:ENSORHT00000038437.pdb,88,90,8,58,99,61,98
transcript:ENSORHT00000036939.pdb,35,35,6,38,51,18,0
transcript:ENSORHT00000030815.pdb,57,52,16,252,97,33,16
transcript:ENSORHT00000055486.pdb,79,83,11,129,94,49,82
transcript:ENSORHT00000017716.pdb,53,52,15,222,83,20,18
transcript:ENSORHT00000043758.pdb,41,46,11,118,54,18,0
transcript:ENSORHT00000041932.pdb,68,71,10,102,81,37,52
transcript:ENSORHT00000037023.pdb,78,83,12,150,91,41,82
transcript:ENSORHT00000056069.pdb,33,32,6,36,46,18,0
transcript:ENSORHT00000005098.pdb,81,88,17,283,99,31,80
transcript:ENSORHT00000025573.pdb,58,65,23,517,88,21,46
transcript:ENSORHT00000012535.pdb,77,79,6,39,88,53,86
transcript:ENSORHT00000031899.pdb,90,92,7,49,99,63,98
transcript:ENSORHT00000057493.pdb,39,38,6,32,54,30,0
transcript:ENSORHT00000005753.pdb,42,39,13,175,78,16,5
transcript:ENSORHT00000033664.pdb,30,30,4,13,40,21,0
transcript:ENSORHT00000012159.pdb,28,27,5,23,43,17,0
transcript:ENSORHT00000056131.pdb,34,33,5,22,44,12,0
transcript:ENSORHT00000040593.pdb,87,96,18,314,99,35,86
transcript:ENSORHT00000012612.pdb,89,91,8,63,98,64,97
transcript:ENSORHT00000037451.pdb,62,66,16,266,85,30,41
transcript:ENSORHT00000045494.pdb,83,85,6,32,91,70,98
transcript:ENSORHT00000048053.pdb,32,30,6,33,47,24,0
transcript:ENSORHT00000028973.pdb,68,65,14,201,97,38,33
transcript:ENSORHT00000027571.pdb,61,64,15,227,85,33,41
transcript:ENSORHT00000010043.pdb,40,37,10,102,66,22,0
transcript:ENSORHT00000027450.pdb,89,94,12,141,99,48,88
transcript:ENSORHT00000019575.pdb,45,43,10,110,65,22,0
transcript:ENSORHT00000001868.pdb,70,73,18,325,91,17,61
transcript:ENSORHT00000009553.pdb,68,71,19,343,97,22,52
transcript:ENSORHT00000038075.pdb,40,36,13,178,78,23,8
transcript:ENSORHT00000033976.pdb,87,93,14,210,99,34,85
transcript:ENSORHT00000050950.pdb,60,69,16,270,79,33,43
transcript:ENSORHT00000025555.pdb,36,36,4,16,46,22,0
transcript:ENSORHT00000015371.pdb,69,63,13,176,93,46,42
transcript:ENSORHT00000011557.pdb,28,28,3,9,34,17,0
transcript:ENSORHT00000026479.pdb,86,86,8,70,98,55,96
transcript:ENSORHT00000048450.pdb,28,28,3,7,34,21,0
transcript:ENSORHT00000016478.pdb,87,91,11,127,99,50,89
transcript:ENSORHT00000056518.pdb,35,34,6,32,52,8,0
transcript:ENSORHT00000031675.pdb,56,58,9,80,73,41,4
transcript:ENSORHT00000032016.pdb,27,27,4,17,43,8,0
transcript:ENSORHT00000021021.pdb,34,34,8,63,49,19,0
transcript:ENSORHT00000045033.pdb,33,33,4,16,42,23,0
transcript:ENSORHT00000049444.pdb,30,29,6,31,44,18,0
transcript:ENSORHT00000022274.pdb,93,95,7,56,99,50,97
transcript:ENSORHT00000014021.pdb,32,31,6,40,46,15,0
transcript:ENSORHT00000049121.pdb,27,27,2,4,32,22,0
transcript:ENSORHT00000034430.pdb,28,27,7,47,60,14,0
transcript:ENSORHT00000056274.pdb,46,45,9,79,63,29,0
transcript:ENSORHT00000026440.pdb,63,65,10,108,82,43,31
transcript:ENSORHT00000009136.pdb,48,40,16,272,78,24,13
transcript:ENSORHT00000001950.pdb,50,51,17,285,80,15,13
transcript:ENSORHT00000033491.pdb,65,59,15,225,97,37,26
transcript:ENSORHT00000044897.pdb,34,31,9,82,58,19,0
transcript:ENSORHT00000011342.pdb,85,86,6,40,95,69,99
transcript:ENSORHT00000035543.pdb,67,66,9,81,88,46,30
transcript:ENSORHT00000025271.pdb,31,31,5,24,44,18,0
transcript:ENSORHT00000053592.pdb,33,31,8,60,49,17,0
transcript:ENSORHT00000040214.pdb,44,41,13,163,68,17,0
transcript:ENSORHT00000009420.pdb,29,29,4,19,42,14,0
transcript:ENSORHT00000055393.pdb,31,31,4,19,41,19,0
transcript:ENSORHT00000035785.pdb,33,33,6,34,47,18,0
transcript:ENSORHT00000036742.pdb,38,34,11,116,61,16,0
transcript:ENSORHT00000038910.pdb,75,80,13,168,89,41,72
transcript:ENSORHT00000015549.pdb,37,38,8,68,50,12,0
transcript:ENSORHT00000032208.pdb,96,97,4,19,99,67,100
transcript:ENSORHT00000020362.pdb,34,32,8,59,56,19,0
transcript:ENSORHT00000056134.pdb,44,40,16,259,90,18,10
transcript:ENSORHT00000002780.pdb,30,29,5,23,42,16,0
transcript:ENSORHT00000056269.pdb,32,31,4,13,41,24,0
transcript:ENSORHT00000037821.pdb,72,76,12,135,89,31,68
transcript:ENSORHT00000057366.pdb,60,62,15,212,84,37,35
transcript:ENSORHT00000023817.pdb,30,30,5,27,47,17,0
transcript:ENSORHT00000035843.pdb,30,29,5,26,44,12,0
transcript:ENSORHT00000016321.pdb,84,89,15,233,98,32,84
transcript:ENSORHT00000009753.pdb,29,29,4,13,36,12,0
transcript:ENSORHT00000018206.pdb,60,56,16,269,97,30,22
transcript:ENSORHT00000028277.pdb,34,34,4,16,45,22,0
transcript:ENSORHT00000056410.pdb,30,29,5,23,44,17,0
transcript:ENSORHT00000003330.pdb,39,39,7,50,62,21,0
transcript:ENSORHT00000031924.pdb,34,33,6,37,47,22,0
transcript:ENSORHT00000049769.pdb,63,73,19,372,91,25,57
transcript:ENSORHT00000000773.pdb,68,76,20,401,94,35,57
transcript:ENSORHT00000012032.pdb,30,30,4,15,40,20,0
transcript:ENSORHT00000047676.pdb,63,58,14,187,95,36,21
transcript:ENSORHT00000030921.pdb,61,63,14,184,81,30,33
transcript:ENSORHT00000051029.pdb,67,74,24,565,99,17,53
transcript:ENSORHT00000049901.pdb,37,33,10,98,58,11,0
transcript:ENSORHT00000028978.pdb,54,50,22,496,94,24,30
transcript:ENSORHT00000040619.pdb,31,31,4,16,42,17,0
transcript:ENSORHT00000012206.pdb,33,33,4,20,48,18,0
transcript:ENSORHT00000026345.pdb,73,75,13,174,92,42,62
transcript:ENSORHT00000031389.pdb,51,47,9,89,75,39,8
transcript:ENSORHT00000053698.pdb,37,35,8,63,56,26,0
transcript:ENSORHT00000041966.pdb,36,35,7,46,49,16,0
transcript:ENSORHT00000039442.pdb,57,49,16,271,81,34,35
transcript:ENSORHT00000040472.pdb,28,27,5,22,47,14,0
transcript:ENSORHT00000008960.pdb,40,43,10,94,55,22,0
transcript:ENSORHT00000018401.pdb,55,51,13,174,82,26,22
transcript:ENSORHT00000035574.pdb,83,88,13,181,98,35,85
transcript:ENSORHT00000048059.pdb,45,44,8,62,64,19,0
transcript:ENSORHT00000041027.pdb,83,88,14,206,98,43,81
transcript:ENSORHT00000003099.pdb,76,83,17,296,97,25,74
transcript:ENSORHT00000056403.pdb,42,42,6,40,63,18,0
transcript:ENSORHT00000054443.pdb,27,26,5,27,47,12,0
transcript:ENSORHT00000038599.pdb,75,80,12,145,91,35,72
transcript:ENSORHT00000039123.pdb,44,40,10,92,62,31,0
transcript:ENSORHT00000055519.pdb,34,34,4,14,47,21,0
transcript:ENSORHT00000012998.pdb,86,88,9,83,98,49,94
transcript:ENSORHT00000054904.pdb,43,40,9,90,68,27,0
transcript:ENSORHT00000010122.pdb,81,90,16,266,98,52,63
transcript:ENSORHT00000002997.pdb,33,32,6,32,48,17,0
transcript:ENSORHT00000022992.pdb,40,40,8,63,61,16,0
transcript:ENSORHT00000007798.pdb,38,38,8,60,56,20,0
transcript:ENSORHT00000022890.pdb,51,46,11,129,80,22,11
transcript:ENSORHT00000025717.pdb,28,27,3,10,40,15,0
transcript:ENSORHT00000016637.pdb,29,30,3,11,34,14,0
transcript:ENSORHT00000026433.pdb,73,84,21,439,93,32,69
transcript:ENSORHT00000051898.pdb,38,38,5,26,50,18,0
transcript:ENSORHT00000033713.pdb,55,56,6,38,68,40,0
transcript:ENSORHT00000050279.pdb,45,45,9,77,57,19,0
transcript:ENSORHT00000003548.pdb,96,97,4,19,99,65,100
transcript:ENSORHT00000055601.pdb,73,78,17,294,97,27,64
transcript:ENSORHT00000032488.pdb,37,36,7,44,55,18,0
transcript:ENSORHT00000027475.pdb,33,31,7,49,53,13,0
transcript:ENSORHT00000016650.pdb,86,90,9,89,96,53,89
transcript:ENSORHT00000010094.pdb,93,96,8,66,99,61,95
transcript:ENSORHT00000031986.pdb,40,33,16,261,84,11,5
transcript:ENSORHT00000030383.pdb,33,31,5,24,47,24,0
transcript:ENSORHT00000017205.pdb,34,34,5,21,44,15,0
transcript:ENSORHT00000046653.pdb,34,33,7,44,51,18,0
transcript:ENSORHT00000046981.pdb,86,87,7,55,97,51,97
transcript:ENSORHT00000028796.pdb,84,89,15,237,98,34,85
transcript:ENSORHT00000007178.pdb,39,39,5,23,54,30,0
transcript:ENSORHT00000050928.pdb,26,26,3,12,35,17,0
transcript:ENSORHT00000003819.pdb,43,42,6,32,64,29,0
transcript:ENSORHT00000033955.pdb,51,51,6,31,67,41,0
transcript:ENSORHT00000034712.pdb,60,65,19,373,87,27,38
transcript:ENSORHT00000056499.pdb,34,33,10,105,57,12,0
transcript:ENSORHT00000008959.pdb,81,86,14,199,96,38,83
transcript:ENSORHT00000054090.pdb,52,47,13,162,79,36,18
transcript:ENSORHT00000016088.pdb,54,51,11,122,79,37,9
transcript:ENSORHT00000020497.pdb,34,33,7,53,48,7,0
transcript:ENSORHT00000033059.pdb,79,82,9,77,92,48,82
transcript:ENSORHT00000057502.pdb,34,33,6,33,48,19,0
transcript:ENSORHT00000003454.pdb,47,45,12,156,72,23,2
transcript:ENSORHT00000004009.pdb,86,89,13,178,99,37,90
transcript:ENSORHT00000016201.pdb,66,71,16,261,86,31,52
transcript:ENSORHT00000030443.pdb,38,36,10,92,54,15,0
transcript:ENSORHT00000055734.pdb,39,38,4,15,48,31,0
transcript:ENSORHT00000025085.pdb,40,40,9,87,60,25,0
transcript:ENSORHT00000056735.pdb,28,28,5,28,52,14,0
transcript:ENSORHT00000052180.pdb,60,51,20,417,94,28,33
transcript:ENSORHT00000043958.pdb,50,48,8,58,66,37,0
transcript:ENSORHT00000008801.pdb,73,80,20,397,94,34,63
transcript:ENSORHT00000044713.pdb,88,90,8,63,98,56,97
transcript:ENSORHT00000047767.pdb,35,33,7,50,50,17,0
transcript:ENSORHT00000007511.pdb,33,30,9,89,59,16,0
transcript:ENSORHT00000013292.pdb,64,70,17,278,85,30,50
transcript:ENSORHT00000013856.pdb,63,67,11,111,81,39,29
transcript:ENSORHT00000013869.pdb,66,71,16,252,86,31,53
transcript:ENSORHT00000034618.pdb,38,39,5,23,47,25,0
transcript:ENSORHT00000022124.pdb,81,84,14,207,98,43,79
transcript:ENSORHT00000034760.pdb,77,82,16,269,97,41,69
transcript:ENSORHT00000004991.pdb,86,88,7,45,93,49,97
transcript:ENSORHT00000008424.pdb,72,77,13,167,87,34,66
transcript:ENSORHT00000033516.pdb,63,70,19,366,86,21,49
transcript:ENSORHT00000008459.pdb,37,35,8,72,56,26,0
transcript:ENSORHT00000004025.pdb,47,44,8,62,69,35,0
transcript:ENSORHT00000042625.pdb,38,37,7,44,52,26,0
transcript:ENSORHT00000014870.pdb,82,85,11,128,98,46,84
transcript:ENSORHT00000005065.pdb,29,28,5,23,43,14,0
transcript:ENSORHT00000049384.pdb,79,82,11,111,96,35,84
transcript:ENSORHT00000026159.pdb,37,32,12,145,71,16,1
transcript:ENSORHT00000001080.pdb,86,90,12,137,98,53,86
transcript:ENSORHT00000018268.pdb,58,58,13,157,78,37,26
transcript:ENSORHT00000003253.pdb,51,42,20,394,96,17,21
transcript:ENSORHT00000042724.pdb,39,38,5,27,51,28,0
transcript:ENSORHT00000050752.pdb,33,32,7,51,53,17,0
transcript:ENSORHT00000007583.pdb,70,71,9,76,84,42,53
transcript:ENSORHT00000002366.pdb,33,32,6,33,47,20,0
transcript:ENSORHT00000027622.pdb,49,54,17,289,75,17,9
transcript:ENSORHT00000035792.pdb,64,68,14,207,82,32,44
transcript:ENSORHT00000008731.pdb,32,28,10,102,66,17,0
transcript:ENSORHT00000055574.pdb,34,33,6,34,50,18,0
transcript:ENSORHT00000024775.pdb,68,70,12,151,85,46,51
transcript:ENSORHT00000013576.pdb,80,81,7,44,92,47,92
transcript:ENSORHT00000003866.pdb,48,48,10,107,66,30,0
transcript:ENSORHT00000006924.pdb,84,87,12,149,98,37,89
transcript:ENSORHT00000010292.pdb,45,42,8,65,62,23,0
transcript:ENSORHT00000017024.pdb,65,66,13,178,83,38,44
transcript:ENSORHT00000029191.pdb,34,30,10,101,55,11,0
transcript:ENSORHT00000016605.pdb,71,75,15,218,92,29,58
transcript:ENSORHT00000047755.pdb,34,34,4,16,44,22,0
transcript:ENSORHT00000001358.pdb,53,54,13,167,74,26,8
transcript:ENSORHT00000034767.pdb,32,31,5,26,45,7,0
transcript:ENSORHT00000053368.pdb,28,28,4,20,39,14,0
transcript:ENSORHT00000024786.pdb,36,36,3,12,46,29,0
transcript:ENSORHT00000026099.pdb,31,29,8,59,49,14,0
transcript:ENSORHT00000030013.pdb,45,45,9,83,73,26,2
transcript:ENSORHT00000040517.pdb,63,66,14,195,81,29,37
transcript:ENSORHT00000006097.pdb,34,32,6,39,48,19,0
transcript:ENSORHT00000050362.pdb,87,89,9,76,98,40,95
transcript:ENSORHT00000026160.pdb,45,44,14,206,83,23,7
transcript:ENSORHT00000041898.pdb,31,30,5,21,45,24,0
transcript:ENSORHT00000054597.pdb,49,50,12,132,67,16,0
transcript:ENSORHT00000016151.pdb,37,36,5,26,51,27,0
transcript:ENSORHT00000041324.pdb,32,31,6,38,48,7,0
transcript:ENSORHT00000037327.pdb,86,94,16,258,99,45,76
transcript:ENSORHT00000020862.pdb,44,44,3,12,50,37,0
transcript:ENSORHT00000034138.pdb,48,51,12,149,69,20,0
transcript:ENSORHT00000013486.pdb,57,52,16,258,86,30,31
transcript:ENSORHT00000044192.pdb,52,50,10,91,77,34,8
transcript:ENSORHT00000056217.pdb,31,30,3,11,39,17,0
transcript:ENSORHT00000048098.pdb,56,52,13,174,80,31,24
transcript:ENSORHT00000036241.pdb,81,87,15,223,98,49,75
transcript:ENSORHT00000013259.pdb,44,41,6,38,59,34,0
transcript:ENSORHT00000029546.pdb,55,59,13,171,75,24,9
transcript:ENSORHT00000046662.pdb,30,27,8,65,54,17,0
transcript:ENSORHT00000028302.pdb,83,87,14,191,98,39,86
transcript:ENSORHT00000008107.pdb,35,34,7,55,50,18,0
transcript:ENSORHT00000026475.pdb,31,31,4,17,40,21,0
transcript:ENSORHT00000031754.pdb,32,31,7,53,52,12,0
transcript:ENSORHT00000030688.pdb,66,62,15,237,97,37,37
transcript:ENSORHT00000028186.pdb,75,84,20,403,98,26,63
transcript:ENSORHT00000017629.pdb,37,37,6,32,49,13,0
transcript:ENSORHT00000000426.pdb,96,97,6,32,99,48,99
transcript:ENSORHT00000052905.pdb,78,84,20,387,98,20,80
transcript:ENSORHT00000002663.pdb,30,30,6,34,44,11,0
transcript:ENSORHT00000056262.pdb,70,76,18,327,94,31,62
transcript:ENSORHT00000018688.pdb,36,29,15,214,74,18,3
transcript:ENSORHT00000033692.pdb,89,96,15,220,99,43,84
transcript:ENSORHT00000051176.pdb,91,94,11,131,99,24,94
transcript:ENSORHT00000032622.pdb,52,50,12,133,74,28,8
transcript:ENSORHT00000049035.pdb,45,42,8,71,63,32,0
transcript:ENSORHT00000019251.pdb,76,79,16,249,97,18,72
transcript:ENSORHT00000034962.pdb,92,95,6,38,98,67,98
transcript:ENSORHT00000049459.pdb,33,33,6,34,53,23,0
transcript:ENSORHT00000045090.pdb,74,77,15,238,96,42,61
transcript:ENSORHT00000033303.pdb,46,45,7,43,66,33,0
transcript:ENSORHT00000013864.pdb,46,39,16,264,76,21,14
transcript:ENSORHT00000016447.pdb,84,88,12,154,97,39,88
transcript:ENSORHT00000053737.pdb,87,92,11,121,98,57,91
transcript:ENSORHT00000031952.pdb,89,91,8,58,98,55,98
transcript:ENSORHT00000025530.pdb,86,91,13,182,98,27,87
transcript:ENSORHT00000032766.pdb,70,70,7,49,80,45,52
transcript:ENSORHT00000008555.pdb,32,30,8,60,56,13,0
transcript:ENSORHT00000003399.pdb,36,30,15,228,75,24,7
transcript:ENSORHT00000031776.pdb,26,26,4,19,40,14,0
transcript:ENSORHT00000028653.pdb,32,33,5,24,44,16,0
transcript:ENSORHT00000018024.pdb,30,30,6,35,47,17,0
transcript:ENSORHT00000004831.pdb,86,92,13,169,98,55,80
transcript:ENSORHT00000031660.pdb,75,78,13,177,96,37,69
transcript:ENSORHT00000041385.pdb,64,68,15,227,83,32,47
transcript:ENSORHT00000017195.pdb,27,27,3,10,33,6,0
transcript:ENSORHT00000003118.pdb,49,46,9,84,78,37,5
transcript:ENSORHT00000005219.pdb,73,77,16,270,96,32,65
transcript:ENSORHT00000049399.pdb,50,54,14,188,75,18,2
transcript:ENSORHT00000036434.pdb,59,57,18,309,87,20,36
transcript:ENSORHT00000006386.pdb,44,45,6,35,53,26,0
transcript:ENSORHT00000003355.pdb,95,97,6,35,99,43,99
transcript:ENSORHT00000054906.pdb,35,35,5,29,51,25,0
transcript:ENSORHT00000022735.pdb,80,84,15,228,98,30,78
transcript:ENSORHT00000044567.pdb,58,59,8,64,72,42,13
transcript:ENSORHT00000005394.pdb,39,40,6,41,64,25,0
transcript:ENSORHT00000034923.pdb,30,30,3,8,36,18,0
transcript:ENSORHT00000040241.pdb,89,91,7,43,98,61,99
transcript:ENSORHT00000027980.pdb,36,35,8,56,52,18,0
transcript:ENSORHT00000042047.pdb,29,28,4,17,38,19,0
transcript:ENSORHT00000004544.pdb,48,51,14,203,73,22,2
transcript:ENSORHT00000055610.pdb,50,49,8,63,65,38,0
transcript:ENSORHT00000027627.pdb,35,35,6,37,49,23,0
transcript:ENSORHT00000004160.pdb,29,28,3,12,37,17,0
transcript:ENSORHT00000055207.pdb,80,84,13,175,95,38,85
transcript:ENSORHT00000013262.pdb,86,88,9,80,98,49,92
transcript:ENSORHT00000010695.pdb,36,35,7,48,54,25,0
transcript:ENSORHT00000054698.pdb,30,30,3,12,41,18,0
transcript:ENSORHT00000031279.pdb,63,70,22,482,97,15,50
transcript:ENSORHT00000037118.pdb,30,28,6,36,50,13,0
transcript:ENSORHT00000039923.pdb,36,35,7,45,53,25,0
transcript:ENSORHT00000034879.pdb,56,56,15,229,81,25,27
transcript:ENSORHT00000024629.pdb,75,84,16,266,94,45,65
transcript:ENSORHT00000030265.pdb,48,49,6,40,56,28,0
transcript:ENSORHT00000049743.pdb,35,35,4,15,44,22,0
transcript:ENSORHT00000017811.pdb,52,53,10,98,71,31,2
transcript:ENSORHT00000035673.pdb,52,53,10,98,75,28,5
transcript:ENSORHT00000031217.pdb,81,83,11,113,97,51,81
transcript:ENSORHT00000020536.pdb,62,63,9,79,80,37,19
transcript:ENSORHT00000022333.pdb,87,92,13,163,99,39,89
transcript:ENSORHT00000054500.pdb,28,28,3,9,37,13,0
transcript:ENSORHT00000044768.pdb,28,29,3,12,35,11,0
transcript:ENSORHT00000010261.pdb,27,27,2,5,36,23,0
transcript:ENSORHT00000044330.pdb,60,61,8,57,71,42,4
transcript:ENSORHT00000010038.pdb,36,36,9,75,55,19,0
transcript:ENSORHT00000030006.pdb,31,30,5,23,46,21,0
transcript:ENSORHT00000052561.pdb,54,52,11,122,75,13,6
transcript:ENSORHT00000052308.pdb,34,34,4,18,45,20,0
transcript:ENSORHT00000020300.pdb,51,52,12,139,77,18,3
transcript:ENSORHT00000005720.pdb,77,82,13,164,91,42,76
transcript:ENSORHT00000029457.pdb,34,31,9,86,62,10,0
transcript:ENSORHT00000009511.pdb,37,36,8,60,60,21,0
transcript:ENSORHT00000032667.pdb,31,31,4,12,40,20,0
transcript:ENSORHT00000043576.pdb,36,35,4,16,44,27,0
transcript:ENSORHT00000001150.pdb,27,27,3,12,36,18,0
transcript:ENSORHT00000055874.pdb,29,29,3,9,38,23,0
transcript:ENSORHT00000006161.pdb,32,30,8,62,46,9,0
transcript:ENSORHT00000015536.pdb,68,69,13,163,84,40,49
transcript:ENSORHT00000006065.pdb,70,70,11,129,90,39,53
transcript:ENSORHT00000036120.pdb,33,33,4,14,42,23,0
transcript:ENSORHT00000018179.pdb,35,34,7,49,48,16,0
transcript:ENSORHT00000029513.pdb,36,34,6,33,51,27,0
transcript:ENSORHT00000021297.pdb,31,30,5,28,46,18,0
transcript:ENSORHT00000053913.pdb,35,34,3,11,46,26,0
transcript:ENSORHT00000010514.pdb,30,29,6,38,52,15,0
transcript:ENSORHT00000018156.pdb,39,40,8,61,50,23,0
transcript:ENSORHT00000035084.pdb,54,57,8,65,67,25,0
transcript:ENSORHT00000033859.pdb,82,84,8,61,96,50,92
transcript:ENSORHT00000023588.pdb,66,70,16,272,90,34,47
transcript:ENSORHT00000017425.pdb,29,30,4,15,37,9,0
transcript:ENSORHT00000038684.pdb,52,52,5,25,70,40,0
transcript:ENSORHT00000024468.pdb,95,96,4,13,98,67,100
transcript:ENSORHT00000026405.pdb,44,34,17,292,78,23,13
transcript:ENSORHT00000017698.pdb,37,36,5,30,49,22,0
transcript:ENSORHT00000002658.pdb,39,38,6,42,56,27,0
transcript:ENSORHT00000035846.pdb,28,27,4,17,42,17,0
transcript:ENSORHT00000046975.pdb,32,32,6,31,43,18,0
transcript:ENSORHT00000031946.pdb,45,45,8,71,61,18,0
transcript:ENSORHT00000042643.pdb,54,51,11,118,74,37,12
transcript:ENSORHT00000033794.pdb,35,34,6,38,48,12,0
transcript:ENSORHT00000043108.pdb,93,97,9,77,99,65,97
transcript:ENSORHT00000034266.pdb,86,91,14,197,99,19,90
transcript:ENSORHT00000054943.pdb,50,55,16,245,73,10,5
transcript:ENSORHT00000032642.pdb,85,90,13,181,99,44,88
transcript:ENSORHT00000033625.pdb,52,49,10,94,77,34,9
transcript:ENSORHT00000033180.pdb,38,37,7,46,52,26,0
transcript:ENSORHT00000032236.pdb,34,33,6,37,50,23,0
transcript:ENSORHT00000002771.pdb,37,36,7,45,49,21,0
transcript:ENSORHT00000004181.pdb,76,83,19,348,97,20,71
transcript:ENSORHT00000031592.pdb,31,30,3,11,40,19,0
transcript:ENSORHT00000024273.pdb,88,91,10,91,98,60,92
transcript:ENSORHT00000036958.pdb,62,66,14,184,81,29,38
transcript:ENSORHT00000042385.pdb,31,30,8,57,71,7,1
transcript:ENSORHT00000020450.pdb,74,80,17,300,97,27,64
transcript:ENSORHT00000006892.pdb,65,65,14,206,86,43,44
transcript:ENSORHT00000047561.pdb,54,53,13,158,77,31,10
transcript:ENSORHT00000002279.pdb,30,29,6,31,47,18,0
transcript:ENSORHT00000038306.pdb,72,76,21,437,98,18,59
transcript:ENSORHT00000043276.pdb,33,32,7,55,51,17,0
transcript:ENSORHT00000034929.pdb,34,33,4,19,42,23,0
transcript:ENSORHT00000032241.pdb,79,79,8,65,90,50,84
transcript:ENSORHT00000007012.pdb,41,39,10,110,76,24,2
transcript:ENSORHT00000010022.pdb,65,68,15,219,85,35,46
transcript:ENSORHT00000007218.pdb,32,31,8,65,54,17,0
transcript:ENSORHT00000025938.pdb,35,36,5,21,44,24,0
transcript:ENSORHT00000044924.pdb,85,87,7,56,94,66,96
transcript:ENSORHT00000042894.pdb,56,48,17,298,89,33,30
transcript:ENSORHT00000053388.pdb,33,31,5,29,47,20,0
transcript:ENSORHT00000021419.pdb,58,56,15,218,87,28,22
transcript:ENSORHT00000018939.pdb,32,31,6,38,48,17,0
transcript:ENSORHT00000027996.pdb,91,94,9,87,99,43,95
transcript:ENSORHT00000053434.pdb,68,75,14,190,85,40,64
transcript:ENSORHT00000017343.pdb,65,71,16,269,86,29,51
transcript:ENSORHT00000008937.pdb,34,34,5,30,46,15,0
transcript:ENSORHT00000006676.pdb,58,51,19,350,88,32,35
transcript:ENSORHT00000057711.pdb,26,25,3,10,34,16,0
transcript:ENSORHT00000027888.pdb,55,54,13,160,81,30,15
transcript:ENSORHT00000043282.pdb,41,37,9,84,65,28,0
transcript:ENSORHT00000050693.pdb,65,67,15,216,86,26,43
transcript:ENSORHT00000036261.pdb,65,68,21,455,97,16,48
transcript:ENSORHT00000037025.pdb,92,94,6,35,99,60,99
transcript:ENSORHT00000011048.pdb,32,32,5,21,41,11,0
transcript:ENSORHT00000056534.pdb,33,32,6,40,48,11,0
transcript:ENSORHT00000006953.pdb,44,34,20,390,79,16,15
transcript:ENSORHT00000056302.pdb,59,58,23,545,93,21,45
transcript:ENSORHT00000009661.pdb,77,82,16,271,98,37,67
transcript:ENSORHT00000025139.pdb,54,60,15,235,79,19,12
transcript:ENSORHT00000000976.pdb,59,54,16,252,86,31,33
transcript:ENSORHT00000037507.pdb,46,45,5,28,58,36,0
transcript:ENSORHT00000031908.pdb,46,45,12,140,70,20,1
transcript:ENSORHT00000020682.pdb,90,92,6,37,98,57,100
transcript:ENSORHT00000016052.pdb,76,85,21,458,98,26,69
transcript:ENSORHT00000028557.pdb,42,42,9,80,59,25,0
transcript:ENSORHT00000032345.pdb,32,33,5,23,44,13,0
transcript:ENSORHT00000054628.pdb,60,67,18,314,87,13,41
transcript:ENSORHT00000039023.pdb,32,32,4,17,42,24,0
transcript:ENSORHT00000020760.pdb,83,92,19,370,98,25,79
transcript:ENSORHT00000007541.pdb,29,28,4,17,42,18,0
transcript:ENSORHT00000054118.pdb,41,40,9,75,58,18,0
transcript:ENSORHT00000035482.pdb,82,87,13,176,96,40,83
transcript:ENSORHT00000055407.pdb,67,65,13,162,91,46,41
transcript:ENSORHT00000018212.pdb,29,28,3,10,36,17,0
transcript:ENSORHT00000014970.pdb,30,29,4,17,48,17,0
transcript:ENSORHT00000026427.pdb,97,98,2,5,99,84,100
transcript:ENSORHT00000032776.pdb,38,36,8,58,58,27,0
transcript:ENSORHT00000002149.pdb,28,27,4,18,39,16,0
transcript:ENSORHT00000045227.pdb,39,38,6,42,54,17,0
transcript:ENSORHT00000033244.pdb,65,68,13,164,82,41,46
transcript:ENSORHT00000046202.pdb,29,29,4,14,37,17,0
transcript:ENSORHT00000023785.pdb,39,39,7,46,56,25,0
transcript:ENSORHT00000010586.pdb,57,62,14,196,75,33,17
transcript:ENSORHT00000029783.pdb,29,28,5,26,48,15,0
transcript:ENSORHT00000047774.pdb,28,28,5,26,42,6,0
transcript:ENSORHT00000007879.pdb,40,39,9,79,57,17,0
transcript:ENSORHT00000046691.pdb,83,88,13,171,95,42,86
transcript:ENSORHT00000043807.pdb,76,82,18,336,99,8,66
transcript:ENSORHT00000034033.pdb,55,55,14,208,82,25,19
transcript:ENSORHT00000047304.pdb,85,89,11,128,95,45,89
transcript:ENSORHT00000005605.pdb,69,76,21,456,96,14,63
transcript:ENSORHT00000021767.pdb,92,96,12,137,99,33,93
transcript:ENSORHT00000005230.pdb,37,36,6,41,49,17,0
transcript:ENSORHT00000026894.pdb,95,97,6,31,99,62,99
transcript:ENSORHT00000021219.pdb,29,29,5,21,37,7,0
transcript:ENSORHT00000019215.pdb,44,45,9,83,61,26,0
transcript:ENSORHT00000003090.pdb,36,36,6,39,49,24,0
transcript:ENSORHT00000021041.pdb,78,86,18,309,96,29,77
transcript:ENSORHT00000042759.pdb,54,51,14,194,81,15,19
transcript:ENSORHT00000038615.pdb,34,33,5,29,49,25,0
transcript:ENSORHT00000048164.pdb,70,69,15,211,94,31,50
transcript:ENSORHT00000002597.pdb,83,87,12,151,98,42,81
transcript:ENSORHT00000029389.pdb,83,89,16,246,98,26,86
transcript:ENSORHT00000008046.pdb,60,70,21,446,87,25,51
transcript:ENSORHT00000000822.pdb,33,32,5,29,44,22,0
transcript:ENSORHT00000029246.pdb,92,96,12,137,99,33,93
transcript:ENSORHT00000035598.pdb,32,30,6,38,49,22,0
transcript:ENSORHT00000021361.pdb,30,29,5,27,44,22,0
transcript:ENSORHT00000032535.pdb,91,93,8,58,99,58,98
transcript:ENSORHT00000030924.pdb,30,30,3,11,44,18,0
transcript:ENSORHT00000011221.pdb,25,25,4,15,43,17,0
transcript:ENSORHT00000007841.pdb,72,70,20,382,97,43,50
transcript:ENSORHT00000044587.pdb,31,31,4,16,52,24,0
transcript:ENSORHT00000011905.pdb,67,73,17,275,86,32,57
transcript:ENSORHT00000041250.pdb,66,61,17,283,94,33,40
transcript:ENSORHT00000046960.pdb,30,29,3,11,39,19,0
transcript:ENSORHT00000004557.pdb,83,85,10,98,97,40,92
transcript:ENSORHT00000028599.pdb,83,90,17,305,98,20,81
transcript:ENSORHT00000001969.pdb,44,44,9,80,61,27,0
transcript:ENSORHT00000023214.pdb,81,84,13,171,98,35,79
transcript:ENSORHT00000027105.pdb,88,92,11,116,98,54,89
transcript:ENSORHT00000053866.pdb,43,39,12,148,68,17,0
transcript:ENSORHT00000015326.pdb,53,47,13,157,75,32,16
transcript:ENSORHT00000036317.pdb,50,48,11,126,73,26,4
transcript:ENSORHT00000023897.pdb,40,41,6,37,52,19,0
transcript:ENSORHT00000027577.pdb,31,30,4,20,44,17,0
transcript:ENSORHT00000048900.pdb,92,95,9,77,99,57,95
transcript:ENSORHT00000007739.pdb,62,57,16,250,97,35,20
transcript:ENSORHT00000032130.pdb,85,90,15,211,99,39,81
transcript:ENSORHT00000037883.pdb,78,87,18,324,98,30,67
transcript:ENSORHT00000027869.pdb,63,65,9,84,77,41,25
transcript:ENSORHT00000027830.pdb,57,54,18,325,90,24,31
transcript:ENSORHT00000017445.pdb,49,51,6,37,57,26,0
transcript:ENSORHT00000007553.pdb,30,30,5,24,42,19,0
transcript:ENSORHT00000030478.pdb,86,96,20,404,99,31,80
transcript:ENSORHT00000008874.pdb,86,87,6,37,97,54,99
transcript:ENSORHT00000046677.pdb,29,28,6,30,42,15,0
transcript:ENSORHT00000017928.pdb,59,59,16,271,90,30,29
transcript:ENSORHT00000038666.pdb,33,33,4,12,37,12,0
transcript:ENSORHT00000019051.pdb,84,88,12,141,97,46,83
transcript:ENSORHT00000040492.pdb,66,64,19,347,97,27,42
transcript:ENSORHT00000026370.pdb,27,27,2,6,35,19,0
transcript:ENSORHT00000044987.pdb,28,28,3,12,39,16,0
transcript:ENSORHT00000015304.pdb,91,93,7,52,99,64,99
transcript:ENSORHT00000019444.pdb,74,81,14,187,89,35,71
transcript:ENSORHT00000034394.pdb,75,77,11,125,93,40,69
transcript:ENSORHT00000054069.pdb,48,49,12,135,82,19,4
transcript:ENSORHT00000039167.pdb,45,42,12,135,67,9,0
transcript:ENSORHT00000009443.pdb,81,86,14,202,98,38,78
transcript:ENSORHT00000031067.pdb,32,31,5,30,42,17,0
transcript:ENSORHT00000053062.pdb,88,92,9,84,98,65,94
transcript:ENSORHT00000053937.pdb,83,87,13,160,98,45,81
transcript:ENSORHT00000009498.pdb,42,41,5,25,53,27,0
transcript:ENSORHT00000032337.pdb,88,89,7,43,98,60,99
transcript:ENSORHT00000007256.pdb,48,45,13,159,72,31,5
transcript:ENSORHT00000035072.pdb,36,34,7,49,52,19,0
transcript:ENSORHT00000010962.pdb,58,64,18,322,85,28,34
transcript:ENSORHT00000045487.pdb,54,52,9,80,76,38,6
transcript:ENSORHT00000041446.pdb,52,52,7,47,74,37,1
transcript:ENSORHT00000055636.pdb,29,29,3,9,36,20,0
transcript:ENSORHT00000018280.pdb,84,85,10,101,98,52,88
transcript:ENSORHT00000019959.pdb,29,29,3,11,37,19,0
transcript:ENSORHT00000037765.pdb,79,81,9,87,96,51,85
transcript:ENSORHT00000036580.pdb,57,52,20,397,88,28,37
transcript:ENSORHT00000050179.pdb,59,52,19,362,97,25,27
transcript:ENSORHT00000015839.pdb,69,74,16,257,93,32,60
transcript:ENSORHT00000033386.pdb,52,51,11,120,76,34,8
transcript:ENSORHT00000007873.pdb,64,70,15,214,83,24,46
transcript:ENSORHT00000041552.pdb,52,49,13,161,79,30,11
transcript:ENSORHT00000030305.pdb,37,35,8,67,56,24,0
transcript:ENSORHT00000030745.pdb,85,88,11,113,98,36,91
transcript:ENSORHT00000034273.pdb,62,65,10,91,76,42,21
transcript:ENSORHT00000021903.pdb,68,75,22,491,96,26,59
transcript:ENSORHT00000036082.pdb,33,31,7,56,51,17,0
transcript:ENSORHT00000008243.pdb,55,67,23,534,89,24,45
transcript:ENSORHT00000015133.pdb,33,32,5,25,43,8,0
transcript:ENSORHT00000029882.pdb,67,71,13,179,90,40,53
transcript:ENSORHT00000040501.pdb,50,46,19,379,84,15,29
transcript:ENSORHT00000057124.pdb,31,30,5,24,48,18,0
transcript:ENSORHT00000000167.pdb,49,40,23,519,94,16,25
transcript:ENSORHT00000040871.pdb,31,31,4,16,43,18,0
transcript:ENSORHT00000025055.pdb,32,31,6,39,48,17,0
transcript:ENSORHT00000008570.pdb,36,35,6,40,51,22,0
transcript:ENSORHT00000041484.pdb,76,80,14,184,93,33,76
transcript:ENSORHT00000019630.pdb,87,90,9,88,97,54,92
transcript:ENSORHT00000017093.pdb,35,35,5,25,46,18,0
transcript:ENSORHT00000045490.pdb,46,44,16,250,86,15,9
transcript:ENSORHT00000017124.pdb,32,32,5,25,43,22,0
transcript:ENSORHT00000053269.pdb,33,32,5,24,50,23,0
transcript:ENSORHT00000048481.pdb,52,51,6,35,72,37,0
transcript:ENSORHT00000008345.pdb,49,46,15,216,87,21,13
transcript:ENSORHT00000025312.pdb,52,56,17,282,77,16,21
transcript:ENSORHT00000020927.pdb,78,80,12,153,97,31,78
transcript:ENSORHT00000034866.pdb,41,40,8,64,56,13,0
transcript:ENSORHT00000038788.pdb,91,94,8,61,99,64,96
transcript:ENSORHT00000043296.pdb,31,31,4,15,40,17,0
transcript:ENSORHT00000044437.pdb,86,89,10,91,98,44,93
transcript:ENSORHT00000029366.pdb,84,91,17,286,99,31,79
transcript:ENSORHT00000001924.pdb,45,40,14,199,77,26,8
transcript:ENSORHT00000053123.pdb,45,44,12,134,66,8,0
transcript:ENSORHT00000051599.pdb,36,36,4,19,46,23,0
transcript:ENSORHT00000038243.pdb,66,62,15,214,97,38,28
transcript:ENSORHT00000052152.pdb,44,43,9,90,74,23,2
transcript:ENSORHT00000011203.pdb,36,35,6,42,54,17,0
transcript:ENSORHT00000033549.pdb,32,32,4,20,43,17,0
transcript:ENSORHT00000018392.pdb,30,29,5,21,43,21,0
transcript:ENSORHT00000020549.pdb,74,76,15,231,98,36,66
transcript:ENSORHT00000029638.pdb,43,43,6,33,56,28,0
transcript:ENSORHT00000052093.pdb,35,35,4,16,50,23,0
transcript:ENSORHT00000028559.pdb,30,30,4,19,40,14,0
transcript:ENSORHT00000057814.pdb,37,36,5,25,51,26,0
transcript:ENSORHT00000049360.pdb,71,81,24,586,98,27,57
transcript:ENSORHT00000055104.pdb,49,49,13,158,73,20,6
transcript:ENSORHT00000006617.pdb,29,28,4,13,38,19,0
transcript:ENSORHT00000026295.pdb,29,29,3,10,38,22,0
transcript:ENSORHT00000024031.pdb,34,33,4,18,44,26,0
transcript:ENSORHT00000032779.pdb,51,51,7,55,71,32,1
transcript:ENSORHT00000036213.pdb,28,28,4,15,41,18,0
transcript:ENSORHT00000044417.pdb,35,34,6,35,49,21,0
transcript:ENSORHT00000014138.pdb,78,81,9,89,91,52,80
transcript:ENSORHT00000001827.pdb,64,66,17,302,92,25,41
transcript:ENSORHT00000007913.pdb,58,65,19,362,83,10,39
transcript:ENSORHT00000055093.pdb,33,31,9,77,57,13,0
transcript:ENSORHT00000019730.pdb,88,91,11,131,98,27,94
transcript:ENSORHT00000028634.pdb,38,38,7,42,53,17,0
transcript:ENSORHT00000049195.pdb,88,89,6,32,97,64,99
transcript:ENSORHT00000008449.pdb,60,67,20,418,89,26,42
transcript:ENSORHT00000053980.pdb,34,32,8,61,52,16,0
transcript:ENSORHT00000003494.pdb,62,73,21,444,89,31,52
transcript:ENSORHT00000050575.pdb,30,30,4,19,40,17,0
transcript:ENSORHT00000042522.pdb,45,45,3,10,52,31,0
transcript:ENSORHT00000057128.pdb,40,38,9,80,57,22,0
transcript:ENSORHT00000037505.pdb,63,64,15,215,85,34,43
transcript:ENSORHT00000039940.pdb,84,89,14,200,98,40,83
transcript:ENSORHT00000041206.pdb,83,86,11,128,97,29,90
transcript:ENSORHT00000046186.pdb,84,85,9,78,98,51,93
transcript:ENSORHT00000052427.pdb,83,86,12,138,98,36,85
transcript:ENSORHT00000049606.pdb,46,45,12,140,70,22,1
transcript:ENSORHT00000003283.pdb,75,82,17,295,94,39,62
transcript:ENSORHT00000003382.pdb,67,68,13,163,89,33,48
transcript:ENSORHT00000009799.pdb,34,34,6,40,49,15,0
transcript:ENSORHT00000056258.pdb,34,33,6,34,45,20,0
transcript:ENSORHT00000034911.pdb,35,35,4,14,46,24,0
transcript:ENSORHT00000004881.pdb,62,64,21,442,94,21,41
transcript:ENSORHT00000055320.pdb,38,38,5,30,50,25,0
transcript:ENSORHT00000018245.pdb,92,95,8,69,99,42,98
transcript:ENSORHT00000020401.pdb,38,37,11,124,60,13,0
transcript:ENSORHT00000032168.pdb,30,29,6,34,48,17,0
transcript:ENSORHT00000046951.pdb,89,94,11,120,99,45,92
transcript:ENSORHT00000051290.pdb,58,57,10,108,81,34,17
transcript:ENSORHT00000032494.pdb,74,82,19,367,98,20,59
transcript:ENSORHT00000019833.pdb,87,87,8,57,98,54,95
transcript:ENSORHT00000024216.pdb,72,72,16,256,93,27,54
transcript:ENSORHT00000035322.pdb,64,65,12,144,82,40,40
transcript:ENSORHT00000055461.pdb,81,88,17,290,99,30,75
transcript:ENSORHT00000054779.pdb,33,33,4,17,44,22,0
transcript:ENSORHT00000036061.pdb,90,93,9,78,99,47,95
transcript:ENSORHT00000038840.pdb,33,33,4,20,43,19,0
transcript:ENSORHT00000017231.pdb,65,68,17,306,92,18,45
transcript:ENSORHT00000034928.pdb,31,30,5,28,45,8,0
transcript:ENSORHT00000035696.pdb,62,63,17,295,91,25,34
transcript:ENSORHT00000050367.pdb,75,76,9,73,88,51,76
transcript:ENSORHT00000036714.pdb,26,26,4,13,34,9,0
transcript:ENSORHT00000046944.pdb,39,39,6,34,50,28,0
transcript:ENSORHT00000053171.pdb,43,42,5,28,55,29,0
transcript:ENSORHT00000039983.pdb,38,35,8,60,57,17,0
transcript:ENSORHT00000036264.pdb,43,46,8,70,56,17,0
transcript:ENSORHT00000056710.pdb,55,57,18,337,83,19,25
transcript:ENSORHT00000007412.pdb,65,66,14,203,92,38,41
transcript:ENSORHT00000034322.pdb,35,35,4,14,43,26,0
transcript:ENSORHT00000044975.pdb,87,89,9,86,98,41,94
transcript:ENSORHT00000019681.pdb,92,93,7,49,99,65,97
transcript:ENSORHT00000029682.pdb,74,79,16,247,91,26,70
transcript:ENSORHT00000025608.pdb,30,31,3,7,35,22,0
transcript:ENSORHT00000019892.pdb,31,29,6,37,51,15,0
transcript:ENSORHT00000056511.pdb,42,41,5,23,54,34,0
transcript:ENSORHT00000034733.pdb,67,64,14,202,96,38,40
transcript:ENSORHT00000046323.pdb,45,45,9,80,59,21,0
transcript:ENSORHT00000053048.pdb,79,89,22,473,99,30,73
transcript:ENSORHT00000022740.pdb,84,86,9,83,98,54,92
transcript:ENSORHT00000048825.pdb,77,86,18,331,98,42,65
transcript:ENSORHT00000048039.pdb,33,32,3,9,44,24,0
transcript:ENSORHT00000014260.pdb,58,60,20,390,92,18,34
transcript:ENSORHT00000043858.pdb,32,32,4,14,40,21,0
transcript:ENSORHT00000005957.pdb,45,46,7,55,65,23,0
transcript:ENSORHT00000045987.pdb,82,90,17,285,99,38,74
transcript:ENSORHT00000003542.pdb,39,39,5,26,52,18,0
transcript:ENSORHT00000027901.pdb,62,66,14,204,82,29,36
transcript:ENSORHT00000018501.pdb,44,40,12,153,79,30,7
transcript:ENSORHT00000050374.pdb,47,40,16,241,74,8,5
transcript:ENSORHT00000047502.pdb,66,69,13,167,83,35,48
transcript:ENSORHT00000018044.pdb,34,34,5,30,45,19,0
transcript:ENSORHT00000053323.pdb,40,40,5,28,51,28,0
transcript:ENSORHT00000053966.pdb,35,32,8,71,54,18,0
transcript:ENSORHT00000035357.pdb,32,31,6,34,45,8,0
transcript:ENSORHT00000050319.pdb,29,29,3,11,38,18,0
transcript:ENSORHT00000045417.pdb,88,89,8,69,98,42,96
transcript:ENSORHT00000057511.pdb,34,34,3,12,41,26,0
transcript:ENSORHT00000028045.pdb,38,37,7,49,51,16,0
transcript:ENSORHT00000041750.pdb,51,46,18,336,92,20,22
transcript:ENSORHT00000020391.pdb,27,27,3,10,35,17,0
transcript:ENSORHT00000022064.pdb,58,53,14,210,83,35,34
transcript:ENSORHT00000023203.pdb,34,34,3,12,41,27,0
transcript:ENSORHT00000008619.pdb,51,46,13,174,78,33,16
transcript:ENSORHT00000050837.pdb,34,33,4,13,42,21,0
transcript:ENSORHT00000051832.pdb,31,31,4,15,39,20,0
transcript:ENSORHT00000016051.pdb,89,92,7,45,98,65,99
transcript:ENSORHT00000016082.pdb,62,56,16,255,97,37,23
transcript:ENSORHT00000028553.pdb,58,60,18,324,83,24,44
transcript:ENSORHT00000031818.pdb,48,47,7,48,65,25,0
transcript:ENSORHT00000028261.pdb,31,30,6,40,55,20,0
transcript:ENSORHT00000040978.pdb,38,37,5,21,48,22,0
transcript:ENSORHT00000028502.pdb,72,77,17,293,95,40,59
transcript:ENSORHT00000011926.pdb,54,52,9,80,76,40,8
transcript:ENSORHT00000038581.pdb,30,30,4,15,39,17,0
transcript:ENSORHT00000003374.pdb,87,91,11,115,97,53,90
transcript:ENSORHT00000052743.pdb,56,52,23,522,95,17,35
transcript:ENSORHT00000043862.pdb,77,83,16,257,96,18,76
transcript:ENSORHT00000021846.pdb,27,27,4,14,35,8,0
transcript:ENSORHT00000042646.pdb,42,41,10,94,65,22,0
transcript:ENSORHT00000022013.pdb,82,88,14,187,97,38,84
transcript:ENSORHT00000043247.pdb,84,90,15,231,98,26,84
transcript:ENSORHT00000011940.pdb,32,32,4,19,40,18,0
transcript:ENSORHT00000028124.pdb,38,40,8,57,52,11,0
transcript:ENSORHT00000007699.pdb,33,34,4,15,42,19,0
transcript:ENSORHT00000049968.pdb,55,59,13,172,73,26,9
transcript:ENSORHT00000007962.pdb,61,61,16,258,86,26,34
transcript:ENSORHT00000021732.pdb,30,29,6,32,45,19,0
transcript:ENSORHT00000005008.pdb,74,79,13,175,89,37,74
transcript:ENSORHT00000038494.pdb,35,34,6,35,51,18,0
transcript:ENSORHT00000005415.pdb,77,83,17,284,97,38,71
transcript:ENSORHT00000048435.pdb,41,44,7,47,53,25,0
transcript:ENSORHT00000002839.pdb,51,49,8,62,73,39,3
transcript:ENSORHT00000008089.pdb,33,33,5,22,45,19,0
transcript:ENSORHT00000052006.pdb,53,49,18,315,92,23,22
transcript:ENSORHT00000034382.pdb,86,88,9,76,98,49,94
transcript:ENSORHT00000044111.pdb,28,26,7,50,62,20,0
transcript:ENSORHT00000039740.pdb,73,84,23,509,94,32,70
transcript:ENSORHT00000026469.pdb,79,87,17,295,98,21,69
transcript:ENSORHT00000009221.pdb,70,74,13,172,87,29,60
transcript:ENSORHT00000019234.pdb,51,44,16,247,77,17,16
transcript:ENSORHT00000002579.pdb,76,77,12,144,94,34,78
transcript:ENSORHT00000039551.pdb,39,36,9,73,57,19,0
transcript:ENSORHT00000000264.pdb,39,36,8,62,55,19,0
transcript:ENSORHT00000038783.pdb,78,80,14,207,97,24,74
transcript:ENSORHT00000034602.pdb,31,31,4,15,43,18,0
transcript:ENSORHT00000029701.pdb,32,33,4,19,41,17,0
transcript:ENSORHT00000036521.pdb,64,59,15,237,98,41,22
transcript:ENSORHT00000003741.pdb,51,55,16,253,79,18,11
transcript:ENSORHT00000035663.pdb,40,39,6,35,52,30,0
transcript:ENSORHT00000045822.pdb,96,98,4,18,99,67,99
transcript:ENSORHT00000027726.pdb,35,34,8,72,66,22,0
transcript:ENSORHT00000047380.pdb,55,57,17,279,83,23,23
transcript:ENSORHT00000047136.pdb,44,42,7,55,64,32,0
transcript:ENSORHT00000025145.pdb,60,58,17,286,89,28,37
transcript:ENSORHT00000055073.pdb,42,42,10,103,62,12,0
transcript:ENSORHT00000018691.pdb,97,98,2,5,99,86,100
transcript:ENSORHT00000042474.pdb,80,83,9,90,89,40,87
transcript:ENSORHT00000050557.pdb,48,38,20,397,88,19,25
transcript:ENSORHT00000010802.pdb,35,34,5,21,46,24,0
transcript:ENSORHT00000033452.pdb,66,70,12,138,83,39,50
transcript:ENSORHT00000047496.pdb,80,83,14,203,98,43,77
transcript:ENSORHT00000007470.pdb,75,81,17,296,97,32,62
transcript:ENSORHT00000027143.pdb,38,34,12,148,76,18,4
transcript:ENSORHT00000054032.pdb,51,50,5,22,67,42,0
transcript:ENSORHT00000034037.pdb,46,39,18,319,80,17,11
transcript:ENSORHT00000042318.pdb,78,86,15,226,96,39,74
transcript:ENSORHT00000032435.pdb,39,39,5,28,54,27,0
transcript:ENSORHT00000030066.pdb,58,51,17,278,82,36,40
transcript:ENSORHT00000006247.pdb,35,35,5,28,47,22,0
transcript:ENSORHT00000018317.pdb,81,84,11,127,95,32,85
transcript:ENSORHT00000011563.pdb,32,32,5,23,44,19,0
transcript:ENSORHT00000013295.pdb,54,50,12,135,81,34,16
transcript:ENSORHT00000003336.pdb,44,38,18,324,82,17,13
transcript:ENSORHT00000025964.pdb,36,32,11,121,68,22,0
transcript:ENSORHT00000015421.pdb,30,30,6,39,47,15,0
transcript:ENSORHT00000030422.pdb,45,44,7,45,67,33,0
transcript:ENSORHT00000012827.pdb,35,35,5,22,47,18,0
transcript:ENSORHT00000036740.pdb,45,48,14,194,73,13,2
transcript:ENSORHT00000041347.pdb,35,34,5,28,47,22,0
transcript:ENSORHT00000030137.pdb,87,89,11,127,99,49,92
transcript:ENSORHT00000046732.pdb,41,39,8,63,57,22,0
transcript:ENSORHT00000056117.pdb,36,36,5,26,46,25,0
transcript:ENSORHT00000041392.pdb,71,65,15,229,97,44,42
transcript:ENSORHT00000053417.pdb,72,82,20,412,94,34,72
transcript:ENSORHT00000051772.pdb,29,27,6,36,44,13,0
transcript:ENSORHT00000039596.pdb,37,36,5,21,48,26,0
transcript:ENSORHT00000040948.pdb,50,48,8,66,73,26,3
transcript:ENSORHT00000020225.pdb,47,45,17,276,78,21,12
transcript:ENSORHT00000033464.pdb,46,45,7,45,60,25,0
transcript:ENSORHT00000033254.pdb,81,85,13,170,98,46,79
transcript:ENSORHT00000025924.pdb,34,33,7,42,50,18,0
transcript:ENSORHT00000015204.pdb,89,91,7,52,98,63,96
transcript:ENSORHT00000055919.pdb,84,89,12,150,98,58,80
transcript:ENSORHT00000036019.pdb,67,64,14,184,96,41,34
transcript:ENSORHT00000039819.pdb,35,35,5,27,50,25,0
transcript:ENSORHT00000005919.pdb,54,48,13,167,81,37,18
transcript:ENSORHT00000029696.pdb,68,72,11,131,83,25,56
transcript:ENSORHT00000017279.pdb,83,87,12,156,96,38,88
transcript:ENSORHT00000052958.pdb,42,40,13,156,66,20,0
transcript:ENSORHT00000007465.pdb,66,67,15,218,93,35,44
transcript:ENSORHT00000046106.pdb,44,44,11,120,63,22,0
transcript:ENSORHT00000010681.pdb,37,36,10,91,65,6,0
transcript:ENSORHT00000040119.pdb,73,79,15,218,88,33,77
transcript:ENSORHT00000043300.pdb,26,26,3,10,34,15,0
transcript:ENSORHT00000033064.pdb,34,33,5,22,47,19,0
transcript:ENSORHT00000036040.pdb,31,31,4,13,38,18,0
transcript:ENSORHT00000043894.pdb,38,36,7,54,61,25,0
transcript:ENSORHT00000043487.pdb,84,88,11,111,94,48,87
transcript:ENSORHT00000040770.pdb,39,39,3,8,45,33,0
transcript:ENSORHT00000007137.pdb,58,58,19,360,95,12,34
transcript:ENSORHT00000005369.pdb,32,31,5,28,44,16,0
transcript:ENSORHT00000016104.pdb,34,32,8,59,51,23,0
transcript:ENSORHT00000047711.pdb,34,33,6,35,48,19,0
transcript:ENSORHT00000045277.pdb,73,78,14,195,93,35,65
transcript:ENSORHT00000055178.pdb,26,26,4,18,48,9,0
transcript:ENSORHT00000009923.pdb,63,58,16,271,97,36,27
transcript:ENSORHT00000030256.pdb,40,42,7,44,51,18,0
transcript:ENSORHT00000048577.pdb,85,88,11,118,98,32,87
transcript:ENSORHT00000034126.pdb,87,89,10,99,98,58,94
transcript:ENSORHT00000013596.pdb,32,32,5,23,44,18,0
transcript:ENSORHT00000020988.pdb,57,56,12,145,89,37,14
transcript:ENSORHT00000001770.pdb,28,28,4,16,39,15,0
transcript:ENSORHT00000055147.pdb,41,42,7,54,54,25,0
transcript:ENSORHT00000055810.pdb,50,52,8,72,65,32,0
transcript:ENSORHT00000018027.pdb,51,49,12,145,78,29,8
transcript:ENSORHT00000053355.pdb,35,34,4,12,42,27,0
transcript:ENSORHT00000004863.pdb,58,62,19,350,81,23,39
transcript:ENSORHT00000032328.pdb,35,33,7,45,50,22,0
transcript:ENSORHT00000051544.pdb,90,93,10,94,99,37,94
transcript:ENSORHT00000035399.pdb,38,37,6,39,55,28,0
transcript:ENSORHT00000022879.pdb,61,70,19,372,84,23,51
transcript:ENSORHT00000022079.pdb,82,87,16,244,98,29,83
transcript:ENSORHT00000013947.pdb,74,81,18,317,97,31,68
transcript:ENSORHT00000031689.pdb,69,73,12,138,83,41,56
transcript:ENSORHT00000024131.pdb,33,32,5,21,44,20,0
transcript:ENSORHT00000042134.pdb,31,30,4,16,43,20,0
transcript:ENSORHT00000039155.pdb,72,77,13,168,88,46,59
transcript:ENSORHT00000025701.pdb,34,33,6,38,50,20,0
transcript:ENSORHT00000014399.pdb,54,51,15,237,79,26,20
transcript:ENSORHT00000025864.pdb,32,29,8,68,61,17,0
transcript:ENSORHT00000026785.pdb,33,33,7,44,47,21,0
transcript:ENSORHT00000039413.pdb,32,31,5,29,47,20,0
transcript:ENSORHT00000051991.pdb,80,87,18,334,99,21,79
transcript:ENSORHT00000052003.pdb,79,86,20,408,99,26,78
transcript:ENSORHT00000032585.pdb,91,92,7,51,99,53,98
transcript:ENSORHT00000027871.pdb,39,39,4,17,57,30,0
transcript:ENSORHT00000034718.pdb,41,41,7,49,54,23,0
transcript:ENSORHT00000055846.pdb,29,28,4,17,42,17,0
transcript:ENSORHT00000045259.pdb,30,29,4,16,38,21,0
transcript:ENSORHT00000014747.pdb,68,74,17,300,86,18,65
transcript:ENSORHT00000027677.pdb,38,35,8,68,59,18,0
transcript:ENSORHT00000041699.pdb,91,96,11,121,99,39,92
transcript:ENSORHT00000011291.pdb,88,90,7,55,98,39,97
transcript:ENSORHT00000047679.pdb,44,44,6,33,56,28,0
transcript:ENSORHT00000053606.pdb,74,81,16,250,91,27,67
transcript:ENSORHT00000024899.pdb,40,37,11,113,70,19,0
transcript:ENSORHT00000031335.pdb,31,29,8,61,61,16,0
transcript:ENSORHT00000057763.pdb,34,34,4,16,46,13,0
transcript:ENSORHT00000039885.pdb,61,55,16,259,97,34,19
transcript:ENSORHT00000037085.pdb,58,60,13,158,78,37,26
transcript:ENSORHT00000016514.pdb,83,86,14,197,98,46,81
transcript:ENSORHT00000053456.pdb,34,34,4,15,43,22,0
transcript:ENSORHT00000002490.pdb,77,85,18,334,96,34,73
transcript:ENSORHT00000047204.pdb,29,29,4,20,42,17,0
transcript:ENSORHT00000002701.pdb,32,32,5,22,44,14,0
transcript:ENSORHT00000027433.pdb,68,71,17,290,95,27,52
transcript:ENSORHT00000006937.pdb,92,95,8,62,99,51,97
transcript:ENSORHT00000016796.pdb,47,47,6,39,61,28,0
transcript:ENSORHT00000021171.pdb,40,40,7,49,54,20,0
transcript:ENSORHT00000023303.pdb,87,88,8,72,98,56,97
transcript:ENSORHT00000000795.pdb,65,61,16,253,98,35,31
transcript:ENSORHT00000021177.pdb,30,31,4,12,37,15,0
transcript:ENSORHT00000042364.pdb,33,33,4,17,44,22,0
transcript:ENSORHT00000038262.pdb,31,29,6,37,47,14,0
transcript:ENSORHT00000044066.pdb,52,50,8,65,74,36,8
transcript:ENSORHT00000050866.pdb,54,62,18,334,78,21,21
transcript:ENSORHT00000019288.pdb,60,58,13,180,84,35,27
transcript:ENSORHT00000048914.pdb,31,30,6,37,43,12,0
transcript:ENSORHT00000046051.pdb,36,35,6,35,51,26,0
transcript:ENSORHT00000021122.pdb,66,71,15,225,85,32,54
transcript:ENSORHT00000057205.pdb,33,34,4,16,43,19,0
transcript:ENSORHT00000028099.pdb,85,90,14,194,99,41,84
transcript:ENSORHT00000004779.pdb,34,32,9,78,57,17,0
transcript:ENSORHT00000051471.pdb,67,73,17,296,90,36,55
transcript:ENSORHT00000006352.pdb,63,58,16,242,96,40,23
transcript:ENSORHT00000024566.pdb,34,34,6,39,51,22,0
transcript:ENSORHT00000015380.pdb,36,36,5,27,50,17,0
transcript:ENSORHT00000009366.pdb,64,69,13,174,83,36,45
transcript:ENSORHT00000003196.pdb,45,45,8,63,65,31,0
transcript:ENSORHT00000056916.pdb,25,25,4,14,36,11,0
transcript:ENSORHT00000044877.pdb,32,29,9,80,68,14,0
transcript:ENSORHT00000012493.pdb,28,28,5,27,43,11,0
transcript:ENSORHT00000030424.pdb,45,45,5,22,59,24,0
transcript:ENSORHT00000057736.pdb,35,35,6,40,51,18,0
transcript:ENSORHT00000049373.pdb,28,28,3,11,37,20,0
transcript:ENSORHT00000038498.pdb,26,26,4,13,36,15,0
transcript:ENSORHT00000024344.pdb,34,34,5,29,47,23,0
transcript:ENSORHT00000024976.pdb,40,33,14,200,77,23,8
transcript:ENSORHT00000057237.pdb,82,84,13,158,97,37,87
transcript:ENSORHT00000032664.pdb,45,44,6,33,55,32,0
transcript:ENSORHT00000041191.pdb,44,44,6,40,60,31,0
transcript:ENSORHT00000026672.pdb,37,33,12,143,71,15,0
transcript:ENSORHT00000027734.pdb,96,97,4,19,99,67,100
transcript:ENSORHT00000052583.pdb,53,49,20,386,92,22,26
transcript:ENSORHT00000033498.pdb,82,84,9,90,96,41,87
transcript:ENSORHT00000016923.pdb,32,32,6,30,48,17,0
transcript:ENSORHT00000057375.pdb,27,26,5,24,42,15,0
transcript:ENSORHT00000049329.pdb,34,34,6,33,45,19,0
transcript:ENSORHT00000009512.pdb,38,38,7,51,54,11,0
transcript:ENSORHT00000003698.pdb,33,32,6,31,51,19,0
transcript:ENSORHT00000029041.pdb,35,35,9,80,57,16,0
transcript:ENSORHT00000031545.pdb,40,38,12,152,74,12,2
transcript:ENSORHT00000013531.pdb,31,32,3,11,39,22,0
transcript:ENSORHT00000039897.pdb,31,31,5,28,43,18,0
transcript:ENSORHT00000011475.pdb,82,85,10,106,95,46,87
transcript:ENSORHT00000019513.pdb,40,39,13,157,78,17,5
transcript:ENSORHT00000038016.pdb,63,61,10,107,89,43,21
transcript:ENSORHT00000005542.pdb,41,41,6,38,54,27,0
transcript:ENSORHT00000021708.pdb,46,36,19,348,83,19,14
transcript:ENSORHT00000042005.pdb,75,79,16,252,97,32,67
transcript:ENSORHT00000036173.pdb,91,93,8,56,99,67,97
transcript:ENSORHT00000053889.pdb,40,41,3,11,48,21,0
transcript:ENSORHT00000043903.pdb,44,44,5,25,59,37,0
transcript:ENSORHT00000028244.pdb,43,39,12,145,66,19,0
transcript:ENSORHT00000034197.pdb,81,82,8,69,96,51,90
transcript:ENSORHT00000055319.pdb,48,47,9,89,73,35,3
transcript:ENSORHT00000050659.pdb,37,35,7,44,51,24,0
transcript:ENSORHT00000008986.pdb,68,72,11,114,84,48,53
transcript:ENSORHT00000042168.pdb,36,31,13,174,68,17,0
transcript:ENSORHT00000056752.pdb,91,96,10,91,99,63,95
transcript:ENSORHT00000056862.pdb,34,31,9,75,64,17,0
transcript:ENSORHT00000042344.pdb,64,68,14,184,81,31,45
transcript:ENSORHT00000050735.pdb,78,86,20,409,99,16,75
transcript:ENSORHT00000041271.pdb,59,53,16,252,95,36,23
transcript:ENSORHT00000031026.pdb,68,73,15,217,88,38,56
transcript:ENSORHT00000002253.pdb,76,81,12,138,92,51,73
transcript:ENSORHT00000011277.pdb,41,41,7,48,53,25,0
transcript:ENSORHT00000025623.pdb,77,78,11,119,94,38,66
transcript:ENSORHT00000045661.pdb,76,83,16,246,93,34,75
transcript:ENSORHT00000004010.pdb,40,41,9,86,55,8,0
transcript:ENSORHT00000014384.pdb,61,62,13,159,83,36,28
transcript:ENSORHT00000022663.pdb,29,28,3,7,36,21,0
transcript:ENSORHT00000034808.pdb,65,66,9,75,81,38,28
transcript:ENSORHT00000010754.pdb,87,89,8,63,95,52,94
transcript:ENSORHT00000003356.pdb,34,32,8,66,58,15,0
transcript:ENSORHT00000027813.pdb,81,84,9,90,94,54,82
transcript:ENSORHT00000037094.pdb,53,51,15,224,78,26,20
transcript:ENSORHT00000035292.pdb,57,50,16,247,81,33,37
transcript:ENSORHT00000031200.pdb,29,28,4,12,40,14,0
transcript:ENSORHT00000056115.pdb,35,35,5,21,47,21,0
transcript:ENSORHT00000043210.pdb,75,76,16,241,98,31,62
transcript:ENSORHT00000016446.pdb,85,90,13,165,98,39,84
transcript:ENSORHT00000010998.pdb,36,32,11,111,79,22,1
transcript:ENSORHT00000056478.pdb,31,30,6,35,43,17,0
transcript:ENSORHT00000035822.pdb,34,33,5,22,47,24,0
transcript:ENSORHT00000017135.pdb,65,63,16,241,96,33,37
transcript:ENSORHT00000021035.pdb,80,81,11,123,97,40,81
transcript:ENSORHT00000055088.pdb,45,43,5,27,56,37,0
transcript:ENSORHT00000039652.pdb,27,25,7,43,60,11,0
transcript:ENSORHT00000054171.pdb,51,55,12,143,74,26,5
transcript:ENSORHT00000049975.pdb,37,37,4,18,46,16,0
transcript:ENSORHT00000057597.pdb,57,59,9,84,72,34,6
transcript:ENSORHT00000041872.pdb,32,32,6,34,44,10,0
transcript:ENSORHT00000046968.pdb,43,44,4,20,50,20,0
transcript:ENSORHT00000033573.pdb,52,49,19,364,80,16,23
transcript:ENSORHT00000017753.pdb,64,67,15,214,85,31,44
transcript:ENSORHT00000042977.pdb,29,29,3,12,38,19,0
transcript:ENSORHT00000003124.pdb,35,34,6,34,55,17,0
transcript:ENSORHT00000006178.pdb,33,32,6,31,44,16,0
transcript:ENSORHT00000016111.pdb,30,30,4,19,39,20,0
transcript:ENSORHT00000032763.pdb,73,73,12,142,95,44,59
transcript:ENSORHT00000044984.pdb,51,48,8,65,69,34,0
transcript:ENSORHT00000015478.pdb,88,92,11,119,98,53,91
transcript:ENSORHT00000031165.pdb,68,65,14,196,97,39,38
transcript:ENSORHT00000004124.pdb,52,37,25,617,95,19,33
transcript:ENSORHT00000055457.pdb,44,42,9,75,63,32,0
transcript:ENSORHT00000010574.pdb,33,33,6,33,44,19,0
transcript:ENSORHT00000010483.pdb,77,84,18,309,96,31,68
transcript:ENSORHT00000014843.pdb,69,71,12,137,87,45,52
transcript:ENSORHT00000006930.pdb,52,52,9,89,70,32,0
transcript:ENSORHT00000019303.pdb,31,29,6,32,45,15,0
transcript:ENSORHT00000035618.pdb,28,28,5,21,39,16,0
transcript:ENSORHT00000001141.pdb,64,67,14,194,84,38,44
transcript:ENSORHT00000006054.pdb,76,83,15,220,93,34,70
transcript:ENSORHT00000050694.pdb,47,42,15,215,81,28,13
transcript:ENSORHT00000057816.pdb,33,32,5,21,47,16,0
transcript:ENSORHT00000038042.pdb,81,87,16,266,98,38,75
transcript:ENSORHT00000048394.pdb,38,38,6,38,48,13,0
transcript:ENSORHT00000017875.pdb,87,90,10,99,98,54,90
transcript:ENSORHT00000056853.pdb,86,87,11,125,98,55,89
transcript:ENSORHT00000021033.pdb,27,27,3,9,33,15,0
transcript:ENSORHT00000008329.pdb,52,48,14,203,79,27,21
transcript:ENSORHT00000055663.pdb,65,72,18,313,85,17,59
transcript:ENSORHT00000044005.pdb,66,71,17,277,88,32,52
transcript:ENSORHT00000047863.pdb,34,34,5,21,44,15,0
transcript:ENSORHT00000030196.pdb,31,30,4,17,43,22,0
transcript:ENSORHT00000006691.pdb,87,89,12,133,99,53,90
transcript:ENSORHT00000049800.pdb,41,42,4,16,48,22,0
transcript:ENSORHT00000056186.pdb,88,92,13,161,99,30,91
transcript:ENSORHT00000034814.pdb,45,37,18,316,83,21,13
transcript:ENSORHT00000002655.pdb,32,32,3,9,41,23,0
transcript:ENSORHT00000008582.pdb,72,77,20,407,97,17,60
transcript:ENSORHT00000031270.pdb,77,87,21,429,94,37,74
transcript:ENSORHT00000017877.pdb,37,34,9,81,54,14,0
transcript:ENSORHT00000028006.pdb,34,32,8,59,51,14,0
transcript:ENSORHT00000050107.pdb,31,30,6,39,47,19,0
transcript:ENSORHT00000019796.pdb,69,74,17,276,97,27,61
transcript:ENSORHT00000038007.pdb,85,89,12,151,99,46,85
transcript:ENSORHT00000037439.pdb,43,43,9,78,58,22,0
transcript:ENSORHT00000009165.pdb,36,37,6,32,49,18,0
transcript:ENSORHT00000032403.pdb,31,31,4,18,41,21,0
transcript:ENSORHT00000032000.pdb,82,84,11,113,96,52,88
transcript:ENSORHT00000033367.pdb,42,42,6,37,55,32,0
transcript:ENSORHT00000052574.pdb,66,73,16,245,85,25,55
transcript:ENSORHT00000037643.pdb,33,33,4,13,40,13,0
transcript:ENSORHT00000009437.pdb,38,37,7,52,55,19,0
transcript:ENSORHT00000023025.pdb,31,29,6,42,50,15,0
transcript:ENSORHT00000014363.pdb,28,27,5,27,47,15,0
transcript:ENSORHT00000024356.pdb,79,85,16,256,98,34,74
transcript:ENSORHT00000050969.pdb,34,34,6,37,45,16,0
transcript:ENSORHT00000052493.pdb,57,61,15,216,81,34,30
transcript:ENSORHT00000056332.pdb,32,31,5,27,46,23,0
transcript:ENSORHT00000049925.pdb,32,30,6,40,54,20,0
transcript:ENSORHT00000054511.pdb,42,43,7,55,57,18,0
transcript:ENSORHT00000017389.pdb,31,30,6,33,48,18,0
transcript:ENSORHT00000027530.pdb,28,28,3,9,36,18,0
transcript:ENSORHT00000018697.pdb,36,35,6,37,52,12,0
transcript:ENSORHT00000057019.pdb,40,40,5,26,49,15,0
transcript:ENSORHT00000055665.pdb,42,41,5,25,62,31,0
transcript:ENSORHT00000010513.pdb,51,50,13,160,75,21,10
transcript:ENSORHT00000042142.pdb,82,84,11,119,98,49,85
transcript:ENSORHT00000039623.pdb,29,28,5,24,45,22,0
transcript:ENSORHT00000008696.pdb,92,94,7,44,99,64,98
transcript:ENSORHT00000025647.pdb,31,31,4,12,41,17,0
transcript:ENSORHT00000032292.pdb,43,41,9,79,64,25,0
transcript:ENSORHT00000029425.pdb,91,92,5,28,98,69,100
transcript:ENSORHT00000015369.pdb,66,69,11,111,78,24,49
transcript:ENSORHT00000049453.pdb,32,31,7,45,49,17,0
transcript:ENSORHT00000033461.pdb,69,75,18,320,88,31,63
transcript:ENSORHT00000005647.pdb,80,83,10,97,94,50,85
transcript:ENSORHT00000056655.pdb,36,36,4,13,44,20,0
transcript:ENSORHT00000000015.pdb,49,46,17,295,95,21,12
transcript:ENSORHT00000029788.pdb,35,33,7,49,51,16,0
transcript:ENSORHT00000048461.pdb,37,34,8,59,54,9,0
transcript:ENSORHT00000053263.pdb,80,82,13,168,98,35,80
transcript:ENSORHT00000033944.pdb,63,64,9,89,84,26,21
transcript:ENSORHT00000041724.pdb,28,27,4,19,41,14,0
transcript:ENSORHT00000046327.pdb,61,54,17,305,95,39,34
transcript:ENSORHT00000022726.pdb,62,62,16,252,87,28,36
transcript:ENSORHT00000009143.pdb,34,35,6,37,46,18,0
transcript:ENSORHT00000042440.pdb,73,79,16,256,94,33,62
transcript:ENSORHT00000057006.pdb,35,35,7,53,48,16,0
transcript:ENSORHT00000028844.pdb,34,32,6,35,50,16,0
transcript:ENSORHT00000032277.pdb,30,29,4,13,38,17,0
transcript:ENSORHT00000020135.pdb,42,40,7,48,59,18,0
transcript:ENSORHT00000042682.pdb,34,32,5,22,51,20,0
transcript:ENSORHT00000000824.pdb,45,46,7,56,58,21,0
transcript:ENSORHT00000011276.pdb,52,50,11,115,78,33,7
transcript:ENSORHT00000045170.pdb,32,32,5,24,44,15,0
transcript:ENSORHT00000010234.pdb,47,42,14,202,72,7,3
transcript:ENSORHT00000010758.pdb,61,62,12,153,79,31,32
transcript:ENSORHT00000035553.pdb,46,41,12,134,74,31,3
transcript:ENSORHT00000057719.pdb,34,32,7,47,49,13,0
transcript:ENSORHT00000028600.pdb,44,43,4,18,54,34,0
transcript:ENSORHT00000036429.pdb,61,69,16,242,80,29,46
transcript:ENSORHT00000016728.pdb,86,90,13,168,99,39,85
transcript:ENSORHT00000045283.pdb,25,24,4,17,39,11,0
transcript:ENSORHT00000056999.pdb,52,53,12,140,72,31,1
transcript:ENSORHT00000009361.pdb,29,28,4,20,41,14,0
transcript:ENSORHT00000023554.pdb,35,33,7,48,49,22,0
transcript:ENSORHT00000028841.pdb,57,51,14,208,79,34,31
transcript:ENSORHT00000030314.pdb,34,33,7,44,50,18,0
transcript:ENSORHT00000053336.pdb,93,94,5,30,99,65,100
transcript:ENSORHT00000008457.pdb,95,96,6,38,99,51,99
transcript:ENSORHT00000049403.pdb,41,41,8,72,59,19,0
transcript:ENSORHT00000025665.pdb,68,76,19,345,86,21,61
transcript:ENSORHT00000013330.pdb,77,81,13,168,91,40,75
transcript:ENSORHT00000043839.pdb,76,83,19,360,95,18,77
transcript:ENSORHT00000032726.pdb,37,37,6,34,48,22,0
transcript:ENSORHT00000019330.pdb,72,76,14,196,90,27,59
transcript:ENSORHT00000032300.pdb,90,94,10,99,99,44,93
transcript:ENSORHT00000026698.pdb,67,73,16,241,86,36,53
transcript:ENSORHT00000025297.pdb,44,41,7,45,58,35,0
transcript:ENSORHT00000034988.pdb,89,91,7,43,97,63,98
transcript:ENSORHT00000040110.pdb,36,34,7,49,53,19,0
transcript:ENSORHT00000023509.pdb,60,60,15,232,90,26,27
transcript:ENSORHT00000033628.pdb,86,90,13,175,98,31,90
transcript:ENSORHT00000050110.pdb,42,42,6,36,56,23,0
transcript:ENSORHT00000045623.pdb,85,90,10,110,96,57,82
transcript:ENSORHT00000009831.pdb,37,37,5,29,45,20,0
transcript:ENSORHT00000056748.pdb,59,59,14,205,84,31,34
transcript:ENSORHT00000010279.pdb,32,33,3,10,39,23,0
transcript:ENSORHT00000001555.pdb,81,86,14,202,98,38,78
transcript:ENSORHT00000057614.pdb,39,37,9,73,59,24,0
transcript:ENSORHT00000008029.pdb,41,35,15,220,65,20,0
transcript:ENSORHT00000008472.pdb,32,31,5,30,47,20,0
transcript:ENSORHT00000036628.pdb,51,51,5,22,60,31,0
transcript:ENSORHT00000043735.pdb,38,37,6,32,50,18,0
transcript:ENSORHT00000012804.pdb,94,96,6,31,99,72,100
transcript:ENSORHT00000038800.pdb,32,31,4,18,44,18,0
transcript:ENSORHT00000033234.pdb,87,92,14,183,99,35,88
transcript:ENSORHT00000016686.pdb,78,81,9,81,90,50,83
transcript:ENSORHT00000020256.pdb,85,88,10,103,98,46,91
transcript:ENSORHT00000015837.pdb,36,36,7,46,64,17,0
transcript:ENSORHT00000023567.pdb,69,68,19,369,98,28,49
transcript:ENSORHT00000009999.pdb,58,67,19,378,84,26,46
transcript:ENSORHT00000030746.pdb,75,76,10,94,90,48,73
transcript:ENSORHT00000055089.pdb,31,31,3,9,37,20,0
transcript:ENSORHT00000017008.pdb,87,88,7,55,97,65,95
transcript:ENSORHT00000040427.pdb,82,88,18,320,97,19,83
transcript:ENSORHT00000028763.pdb,34,32,8,65,51,15,0
transcript:ENSORHT00000032994.pdb,92,93,6,40,99,72,100
transcript:ENSORHT00000018872.pdb,29,27,8,65,67,16,0
transcript:ENSORHT00000001853.pdb,65,54,20,415,94,32,46
transcript:ENSORHT00000033251.pdb,42,42,4,17,51,33,0
transcript:ENSORHT00000029141.pdb,34,34,7,50,51,21,0
transcript:ENSORHT00000015410.pdb,57,54,11,114,80,34,15
transcript:ENSORHT00000011393.pdb,35,32,7,53,50,16,0
transcript:ENSORHT00000043811.pdb,46,46,11,117,69,18,0
transcript:ENSORHT00000006252.pdb,33,32,6,32,45,19,0
transcript:ENSORHT00000011262.pdb,27,27,3,11,38,17,0
transcript:ENSORHT00000039905.pdb,65,70,14,198,83,41,49
transcript:ENSORHT00000051082.pdb,91,95,10,95,99,46,95
transcript:ENSORHT00000056012.pdb,31,31,4,20,43,14,0
transcript:ENSORHT00000048601.pdb,28,26,8,63,76,13,0
transcript:ENSORHT00000030064.pdb,87,89,10,102,98,52,91
transcript:ENSORHT00000033203.pdb,64,64,12,139,88,41,31
transcript:ENSORHT00000021346.pdb,29,29,4,15,39,17,0
transcript:ENSORHT00000042452.pdb,59,61,16,254,84,28,32
transcript:ENSORHT00000027563.pdb,61,63,11,119,76,33,26
transcript:ENSORHT00000011946.pdb,75,82,18,314,96,46,59
transcript:ENSORHT00000049639.pdb,56,51,15,223,94,33,17
transcript:ENSORHT00000022049.pdb,33,30,9,84,70,17,0
transcript:ENSORHT00000021365.pdb,64,68,13,166,82,40,47
transcript:ENSORHT00000049468.pdb,64,62,15,235,88,39,40
transcript:ENSORHT00000013277.pdb,42,38,11,110,70,19,0
transcript:ENSORHT00000051032.pdb,85,90,12,141,97,42,85
transcript:ENSORHT00000013605.pdb,86,90,11,115,98,43,89
transcript:ENSORHT00000005079.pdb,49,47,9,83,76,31,3
transcript:ENSORHT00000040891.pdb,27,24,7,47,45,12,0
transcript:ENSORHT00000013583.pdb,88,90,8,62,98,62,97
transcript:ENSORHT00000009486.pdb,53,55,14,188,80,22,12
transcript:ENSORHT00000017649.pdb,82,84,9,82,97,53,91
transcript:ENSORHT00000028665.pdb,35,35,5,25,45,16,0
transcript:ENSORHT00000037934.pdb,66,71,21,420,92,16,52
transcript:ENSORHT00000054097.pdb,78,83,17,282,98,37,64
transcript:ENSORHT00000011729.pdb,65,68,15,230,85,29,46
transcript:ENSORHT00000008055.pdb,76,80,13,165,92,15,79
transcript:ENSORHT00000028243.pdb,46,47,12,147,66,9,0
transcript:ENSORHT00000011943.pdb,88,93,14,197,99,16,90
transcript:ENSORHT00000050427.pdb,85,90,13,179,98,32,88
transcript:ENSORHT00000054020.pdb,57,59,11,113,76,29,11
transcript:ENSORHT00000004694.pdb,59,68,21,431,90,23,43
transcript:ENSORHT00000052965.pdb,39,39,6,36,52,21,0
transcript:ENSORHT00000031652.pdb,90,91,7,43,99,63,98
transcript:ENSORHT00000040680.pdb,29,29,5,24,39,15,0
transcript:ENSORHT00000000296.pdb,41,39,8,68,57,26,0
transcript:ENSORHT00000013608.pdb,65,62,16,252,97,32,29
transcript:ENSORHT00000046920.pdb,69,72,15,213,93,31,55
transcript:ENSORHT00000042488.pdb,41,39,13,170,79,15,4
transcript:ENSORHT00000018311.pdb,85,88,9,80,96,59,89
transcript:ENSORHT00000025313.pdb,75,81,21,435,99,27,64
transcript:ENSORHT00000046307.pdb,34,33,5,29,49,19,0
transcript:ENSORHT00000042572.pdb,84,85,5,27,94,66,98
transcript:ENSORHT00000023904.pdb,82,87,13,182,97,53,70
transcript:ENSORHT00000032603.pdb,67,73,18,313,91,32,54
transcript:ENSORHT00000030441.pdb,78,78,9,90,95,48,82
transcript:ENSORHT00000007164.pdb,29,28,6,32,42,14,0
transcript:ENSORHT00000011121.pdb,37,37,5,23,49,21,0
transcript:ENSORHT00000048833.pdb,80,84,15,221,98,40,79
transcript:ENSORHT00000037072.pdb,53,49,18,311,86,18,22
transcript:ENSORHT00000012141.pdb,33,32,6,35,46,18,0
transcript:ENSORHT00000007754.pdb,93,96,9,88,99,48,94
transcript:ENSORHT00000048894.pdb,86,89,10,98,97,50,94
transcript:ENSORHT00000013521.pdb,43,37,14,185,73,19,4
transcript:ENSORHT00000015617.pdb,37,36,6,33,48,19,0
transcript:ENSORHT00000030124.pdb,96,97,4,18,99,67,100
transcript:ENSORHT00000021947.pdb,30,30,5,29,44,11,0
transcript:ENSORHT00000032461.pdb,84,90,15,231,99,47,78
transcript:ENSORHT00000011474.pdb,88,93,12,143,98,53,86
transcript:ENSORHT00000019391.pdb,35,33,5,24,47,16,0
transcript:ENSORHT00000013558.pdb,88,94,14,196,99,19,90
transcript:ENSORHT00000050456.pdb,78,81,13,166,96,45,68
transcript:ENSORHT00000025539.pdb,28,25,8,71,57,9,0
transcript:ENSORHT00000049935.pdb,32,32,5,22,45,23,0
transcript:ENSORHT00000051635.pdb,36,36,7,49,49,15,0
transcript:ENSORHT00000017847.pdb,66,72,16,268,86,27,53
transcript:ENSORHT00000055962.pdb,52,46,22,466,88,16,31
transcript:ENSORHT00000039891.pdb,75,80,11,128,87,43,75
transcript:ENSORHT00000039429.pdb,28,28,4,17,38,12,0
transcript:ENSORHT00000012155.pdb,56,52,11,116,85,40,12
transcript:ENSORHT00000043183.pdb,61,59,13,164,82,40,33
transcript:ENSORHT00000042873.pdb,72,73,13,169,94,35,63
transcript:ENSORHT00000047456.pdb,96,97,4,14,99,73,100
transcript:ENSORHT00000013290.pdb,35,33,8,70,53,18,0
transcript:ENSORHT00000024977.pdb,31,30,5,30,45,11,0
transcript:ENSORHT00000040250.pdb,31,30,4,18,41,15,0
transcript:ENSORHT00000026223.pdb,40,38,11,132,62,18,0
transcript:ENSORHT00000009419.pdb,57,58,16,249,81,30,32
transcript:ENSORHT00000019514.pdb,27,26,3,7,33,16,0
transcript:ENSORHT00000029888.pdb,74,80,17,281,96,29,64
transcript:ENSORHT00000009513.pdb,90,94,9,77,98,58,95
transcript:ENSORHT00000006701.pdb,27,26,4,18,43,11,0
transcript:ENSORHT00000013079.pdb,29,29,4,16,38,17,0
transcript:ENSORHT00000054936.pdb,37,35,7,45,52,17,0
transcript:ENSORHT00000054622.pdb,32,31,6,33,51,18,0
transcript:ENSORHT00000046006.pdb,73,80,17,292,92,24,71
transcript:ENSORHT00000034564.pdb,32,28,11,127,73,15,1
transcript:ENSORHT00000032531.pdb,76,79,9,87,88,50,75
transcript:ENSORHT00000027459.pdb,43,40,15,216,78,24,6
transcript:ENSORHT00000038450.pdb,34,33,6,31,45,16,0
transcript:ENSORHT00000025680.pdb,80,84,14,205,98,30,78
transcript:ENSORHT00000032865.pdb,30,30,4,14,41,16,0
transcript:ENSORHT00000033650.pdb,89,90,8,61,98,56,95
transcript:ENSORHT00000052263.pdb,30,30,4,12,39,20,0
transcript:ENSORHT00000055920.pdb,65,59,24,577,98,24,41
transcript:ENSORHT00000010961.pdb,39,38,7,43,53,18,0
transcript:ENSORHT00000032081.pdb,73,77,11,112,88,29,75
transcript:ENSORHT00000055166.pdb,79,84,16,269,98,18,82
transcript:ENSORHT00000048873.pdb,54,55,19,347,80,21,32
transcript:ENSORHT00000029918.pdb,34,34,4,17,43,17,0
transcript:ENSORHT00000000660.pdb,34,30,11,125,64,11,0
transcript:ENSORHT00000014868.pdb,33,33,4,12,43,25,0
transcript:ENSORHT00000001266.pdb,61,70,16,264,83,33,48
transcript:ENSORHT00000009245.pdb,51,42,19,370,84,16,31
transcript:ENSORHT00000056893.pdb,56,61,15,216,75,23,16
transcript:ENSORHT00000001276.pdb,30,28,7,44,53,16,0
transcript:ENSORHT00000003272.pdb,68,78,22,485,95,19,60
transcript:ENSORHT00000030838.pdb,55,55,18,322,84,20,29
transcript:ENSORHT00000000684.pdb,33,33,4,12,41,24,0
transcript:ENSORHT00000037104.pdb,30,28,6,32,46,22,0
transcript:ENSORHT00000032249.pdb,80,83,12,155,96,50,70
transcript:ENSORHT00000015151.pdb,46,45,9,87,64,28,0
transcript:ENSORHT00000008781.pdb,80,83,13,164,98,39,79
transcript:ENSORHT00000046527.pdb,41,42,8,63,54,23,0
transcript:ENSORHT00000038462.pdb,51,45,18,308,97,21,15
transcript:ENSORHT00000051042.pdb,66,69,14,210,87,26,49
transcript:ENSORHT00000057317.pdb,59,62,18,314,87,6,33
transcript:ENSORHT00000045108.pdb,34,34,3,10,41,26,0
transcript:ENSORHT00000006929.pdb,85,85,7,43,98,64,98
transcript:ENSORHT00000054765.pdb,58,59,20,397,94,22,34
transcript:ENSORHT00000009853.pdb,88,91,10,90,98,51,94
transcript:ENSORHT00000025659.pdb,35,35,3,11,42,22,0
transcript:ENSORHT00000015115.pdb,42,42,4,13,49,27,0
transcript:ENSORHT00000033275.pdb,74,83,19,365,97,17,58
transcript:ENSORHT00000019917.pdb,32,30,6,40,50,20,0
transcript:ENSORHT00000050478.pdb,36,36,3,12,43,26,0
transcript:ENSORHT00000011594.pdb,39,38,7,54,54,21,0
transcript:ENSORHT00000005527.pdb,95,97,5,29,99,51,99
transcript:ENSORHT00000052485.pdb,80,88,18,333,98,23,77
transcript:ENSORHT00000034367.pdb,68,58,19,377,98,36,37
transcript:ENSORHT00000003831.pdb,34,33,9,75,62,18,0
transcript:ENSORHT00000031911.pdb,73,78,18,307,97,28,63
transcript:ENSORHT00000041541.pdb,48,47,19,373,76,6,16
transcript:ENSORHT00000005238.pdb,47,43,10,99,71,32,3
transcript:ENSORHT00000020413.pdb,87,92,12,134,99,52,87
transcript:ENSORHT00000029032.pdb,88,91,10,100,99,61,90
transcript:ENSORHT00000006420.pdb,70,73,16,260,95,6,58
transcript:ENSORHT00000009657.pdb,70,74,14,186,88,33,59
transcript:ENSORHT00000039243.pdb,74,84,19,344,91,32,75
transcript:ENSORHT00000033641.pdb,47,49,5,30,55,34,0
transcript:ENSORHT00000005769.pdb,91,93,8,63,98,45,96
transcript:ENSORHT00000003402.pdb,34,32,9,75,54,14,0
transcript:ENSORHT00000028083.pdb,29,28,6,33,46,10,0
transcript:ENSORHT00000020962.pdb,84,87,8,68,91,60,88
transcript:ENSORHT00000028794.pdb,53,55,7,50,67,28,0
transcript:ENSORHT00000017958.pdb,27,27,4,13,38,11,0
transcript:ENSORHT00000036680.pdb,36,34,7,44,53,27,0
transcript:ENSORHT00000002854.pdb,38,33,12,143,75,16,2
transcript:ENSORHT00000025961.pdb,30,30,4,16,40,12,0
transcript:ENSORHT00000004996.pdb,57,55,17,288,90,26,27
transcript:ENSORHT00000018837.pdb,32,30,5,30,51,21,0
transcript:ENSORHT00000020803.pdb,30,29,5,22,42,9,0
transcript:ENSORHT00000037065.pdb,78,80,11,120,91,32,80
transcript:ENSORHT00000013385.pdb,66,72,17,290,87,26,54
transcript:ENSORHT00000022305.pdb,67,73,19,365,90,30,56
transcript:ENSORHT00000008074.pdb,39,38,7,47,52,23,0
transcript:ENSORHT00000034069.pdb,34,34,6,33,47,25,0
transcript:ENSORHT00000019940.pdb,88,91,10,98,98,55,91
transcript:ENSORHT00000041104.pdb,53,53,5,29,74,40,1
transcript:ENSORHT00000029801.pdb,49,49,5,22,60,36,0
transcript:ENSORHT00000011377.pdb,88,89,7,43,98,61,98
transcript:ENSORHT00000020272.pdb,88,93,13,159,99,27,92
transcript:ENSORHT00000008278.pdb,67,68,15,236,95,34,46
transcript:ENSORHT00000048158.pdb,66,71,16,261,88,37,52
transcript:ENSORHT00000031774.pdb,75,72,18,319,98,43,56
transcript:ENSORHT00000024968.pdb,36,34,8,58,54,22,0
transcript:ENSORHT00000049742.pdb,69,66,14,200,97,41,40
transcript:ENSORHT00000010781.pdb,48,44,10,101,71,34,1
transcript:ENSORHT00000057501.pdb,64,66,18,334,91,35,46
transcript:ENSORHT00000023077.pdb,79,86,17,305,98,32,74
transcript:ENSORHT00000050801.pdb,31,30,5,23,41,17,0
transcript:ENSORHT00000005287.pdb,58,65,19,376,85,18,41
transcript:ENSORHT00000042911.pdb,30,30,3,11,39,13,0
transcript:ENSORHT00000037163.pdb,40,35,13,177,66,12,0
transcript:ENSORHT00000007978.pdb,63,66,14,199,85,32,36
transcript:ENSORHT00000040768.pdb,68,74,15,211,85,35,56
transcript:ENSORHT00000012869.pdb,31,30,5,24,43,18,0
transcript:ENSORHT00000008099.pdb,85,91,13,165,98,55,80
transcript:ENSORHT00000023131.pdb,35,34,7,47,50,21,0
transcript:ENSORHT00000033454.pdb,53,47,16,250,79,27,25
transcript:ENSORHT00000007618.pdb,92,94,7,52,99,58,98
transcript:ENSORHT00000018972.pdb,83,86,10,94,93,34,95
